ID;Title;DOI;Authors;Extraccion de data de redes sociales;**Aborda aspectos relacionales?**;**Extracción de información de las redes sociales**;Intrumental/relational/intrinsic;CES relacionales;Consideraciones;Boundles Elicit;Seleccion de variables;Data extraction;Metrics variable;Relational;Intrinsec;Instrumental;Ethical considerations;Transparency;Accessibility;Replicability;Bundles
1;A New Approach to Mapping Cultural Ecosystem Services;10.3390/environments8060056;Ikram Mouttaki, Youssef Khomalli, Mohamed Maanan, Ingrida Bagdanavi?i ?t?, Hassan Rhinane, Alban Kuriqi, Quoc Bao Pham, Mehdi Maanan;The data extraction from social media involves using geotagged photos from Flickr to approximate tourist visits, focusing on geolocation metadata without analyzing image content, human labeling, AI, or text analysis.;The paper considers relational aspects by analyzing spatial correlations between landscape features and visiting rates, using the InVEST model to explore interactions and potential trade-offs between different cultural ecosystem services. It examines how these services bundle together to influence human preferences and attract tourists.;The extraction of information from social networks in this study involves using geotagged photos from Flickr to estimate tourist visits. The method relies on the spatial data associated with these photos, without analyzing their content. It does not use human tagging or AI analysis of the photo content. The model estimates visit rates based on the spatial correlation of photo locations.;instrumental;The paper discusses CESs as nonmaterial benefits improving human well-being, with a focus on their spatial distribution and relation to tourism and recreational activities. It identifies hotspots in Dakhla Bay related to proximity to the bay and ocean, indicating their significance for CESs. The tables provide data on visit rates and correlations between landscape features and visit rates, relevant to understanding CESs.;The paper addresses transparency and accessibility by using free and open-source software like InVEST and publicly available data from Flickr. Replicability is implied by the ability to extract data for any place in the world. Ethical considerations are noted with the declaration of no conflict of interest. However, explicit ethical considerations related to social media data are not detailed.;"The paper analyzes interactions between services and trade-offs, although it does not explicitly mention ""bundles."" It discusses the importance of balancing economic growth with cultural ecosystems' health and uses the InVEST model to evaluate interactions between landscape features and visit rates.";The selection of variables was based on the InVEST model's suggestions, expert knowledge, and literature on CES assessments. Variables were chosen from categories such as natural capital, built capital, industrial activities, and access. Statistical correlation using Pearson's correlation coefficient was used to evaluate relationships. Natural areas were excluded due to non-significant correlations.;geolocated photos;"Pearson correlation;Variance Inflation Factor (VIF)";no;no;yes;no;yes;yes;yes;no
68;A rapid indicator of cultural ecosystem service usage at a fine spatial scale: Content analysis of social media photographs;10.1016/j.ecolind.2015.01.034;Daniel R Richards, Daniel A Friess;"The data extraction mechanism involves human classification of photographs from Flickr using objective criteria related to the primary subject of the photograph. Eight individuals classified the photographs into categories such as nature appreciation, landscape, and social recreation. The reliability of the classification was assessed using Fleiss' kappa. No AI or automated image analysis was used; instead, human content analysis was employed.";The paper considers relational aspects and interactions between cultural ecosystem services, including trade-offs and the influence of physical, ecological, social, and demographic factors on CES provision. It discusses the different cultural roles of sites and suggests increasing diversity in cultural uses to manage trade-offs.;"The extraction of information from social media involves human classification of photographs from Flickr using objective criteria. The content of the images is analyzed by human classifiers to identify different types of cultural ecosystem services usage. No AI or automated image analysis is mentioned; instead, human judgment is used to categorize the photographs.";multiple values;;The paper addresses transparency by using Flickr's API and assessing reliability with Fleiss' kappa. Ethical considerations include potential biases in location data and photographer bias. Accessibility is limited by data availability in remote areas. Replicability is enhanced by randomizing photograph order and sampling on multiple occasions.;The paper analyzes interactions between services/bundles/trade-offs by discussing trade-offs between ecosystem services, unique cultural roles of different sites, and the potential loss of unique bundles of services due to development or degradation.;The selection of variables was based on environmental factors that could influence the types of photographs taken, including distance from footpaths, focal points, site entrance, and dominant habitat type. These variables were selected for their relevance to the spatial distribution of photographs and were used in MaxEnt modeling.;labelling by humman;no;no;no;yes;no;no;no;no;no
237;Advancing Sustainable Development and Protected Area Management with Social Media-Based Tourism Data;10.3390/su13052427;Katie K Arkema, David M Fisher, Katherine Wyatt, Spencer A Wood, Hanna J Payne;The mechanism of data extraction from social media involves using the InVEST Visitation model to access metadata from geolocated photographs on Flickr. The model calculates photo-user-days (PUD) based on this metadata to estimate visitation rates. The process relies on geolocation data without analyzing the content of the photographs or using human tagging or AI analysis.;"The paper considers relational aspects by examining how different factors such as accessibility, natural features, and infrastructure interact to influence visitation patterns across MPAs and islands. It also implies trade-offs between tourism development and environmental protection, but does not explicitly mention ""bundles"" or ""trade-offs"" in the context of cultural ecosystem services.";The paper uses the InVEST Visitation model to extract data from Flickr based on geolocated photographs' metadata (location and date), without analyzing the content of the photos themselves. No human tagging or AI analysis of photo content is mentioned.;instrumental;"- Development: ? = 2.029, p < 0.0001
- Access: ? = 0.160, p < 0.001
- Coral reef proximate to dive lodge: ? = 0.160, p = 0.035
- Beach: ? = 2.302, p < 0.001
- Bonefish habitat: ? = 0.087, p < 0.001
- Dredged ports: ? = 0.251, p < 0.001
- Pine: ? = 0.181, p < 0.001
- Agriculture: ? = -0.372, p = 0.002";The paper addresses transparency by using publicly available social media data, accessibility through the freely available InVEST Recreation Model, replicability by providing examples for other countries, and ethical considerations by declaring no conflict of interest.;The paper analyzes interactions between services/bundles/trade-offs by discussing sustainable tourism development and protected area planning, highlighting the importance of balancing economic benefits with environmental conservation, and identifying factors that influence visitation as bundles of services or features.;The selection of variables was based on a combination of expert opinion (identification of key natural features by stakeholders) and statistical criteria (removal of highly correlated variables to address multicollinearity).;geolocated photos;"Expert knowledge;Correlation analysis";no;no;yes;yes;yes;yes;yes;no
560;Aesthetic appreciation of the cultural landscape through social media: An analysis of revealed preference in the Dutch river landscape;10.1016/j.landurbplan.2018.05.002;Koen F Tieskens, Boris T Van Zanten, Catharina J E Schulp, Peter H Verburg, Heath, Hiking, Cycling, Shannon;"- Mechanism of data extraction: Automated API requests with Python to collect photos from Flickr and Panoramio.
- Human tagging: Manual content analysis of photos to filter out unrelated content and identify landscape elements.
- Analysis type: Visual content analysis of photos to identify landscape elements.
- No AI or machine learning used for content analysis in this study, but potential for future use.";The paper considers relational aspects by combining spatial regression with content analysis to understand what attracts people to landscapes. It discusses complex interpretations of landscape elements like monuments and forests, and highlights the importance of multiple factors and their interactions, such as hiking trails and water bodies. Social media data is used to provide insights into interactions with landscapes and valued elements.;The study uses human content analysis to extract information from social media photos. Photos are manually filtered to ensure they are related to landscape aesthetics, and specific landscape elements are identified within these photos. The study does not use AI or automated image analysis techniques for data extraction.;intrinsic;"Not mentioned (the paper does not explicitly mention ""CES relacionales"" or provide specific relational values for CES)";The paper discusses transparency in actual behavior, ethical considerations like lack of user information and skewed demographics, accessibility in terms of method simplicity, and replicability across landscapes. However, it does not explicitly address privacy or consent issues.;"The paper does not explicitly mention ""bundles"" or ""trade-offs,"" but it implies an analysis of interactions between landscape elements and visitor preferences, suggesting an implicit consideration of these concepts.";The selection of variables was done using stepwise selection to maximize residual deviance reduction adjusted for the number of degrees of freedom (adjusted D²). Additionally, multi-collinearity was checked using the Variance Inflation Factor (VIF).;labelling by humman;Variance Inflation Factor (VIF);yes;yes;yes;yes;yes;yes;yes;no
175;An Interpretation of Landscape Preferences Based on Geographic and Social Media Data to Understand Different Cultural Ecosystem Services;10.3390/land13020135;Teodoro Semeraro, Hannes Palang, Yuanting Yang, Wei Duan;"The extraction of social media data involves using the ""Octopus Collector"" software to collect data from Ctrip. The process includes dividing comments into phrases and extracting key words through filtering conditions. Both text analysis and human judgment are used to classify CES and assess landscape variables. While the paper mentions the potential use of deep learning models for image analysis, it does not specify their use in this study.";The paper primarily focuses on understanding how different landscape variables influence the public's preferences for various cultural ecosystem services (CESs) in Anshun, China. It discusses how different types of CESs are influenced by different landscape variables such as natural elements, infrastructure, and sensory elements. The study highlights the importance of considering these interactions for effective landscape planning and policy making to enhance tourism and local well-being. The paper does not explicitly mention bundles or trade-offs between CESs but emphasizes the need to consider the interplay between different landscape variables and CES types.;The paper uses a combination of text analysis (extracting comments and key words) and image analysis (using deep learning models) to extract information from social media. Human judgment is also involved in classifying CES based on word frequency analysis.;multiple values;"- Physical CESs: influenced by natural and infrastructure elements (e.g., elevation, distance to water bodies, distance to highroads)
- Experiential CESs: primarily influenced by sensory elements, particularly visual senses (e.g., Ctrip-vision)
- Intellectual CESs: influenced by natural and sensory elements (e.g., distance to water points, elevation, Ctrip-feel)
- Inspirational CESs: influenced by natural and infrastructure elements (e.g., elevation, distance to water bodies, distance to accommodation and restaurants)";The paper discusses ethical considerations related to privacy issues and limitations in data collection. It acknowledges limitations in sample size and data collection, affecting replicability and accessibility. Future improvements in methodology are suggested for increased transparency and replicability, and potential field interviews are planned for better engagement with local perspectives.;The paper analyzes interactions between different cultural ecosystem services (CESs) and landscape variables, identifying how physical, experiential, intellectual, and inspirational CESs are influenced by natural, infrastructural, and sensory elements. It suggests trade-offs in landscape planning to enhance tourists' experiences and promote balanced development.;The selection of variables is based on the importance of each variable in the Random Forest model, determined by the cumulative contribution of each variable to the decision tree branches.;text analysis;no;yes;no;yes;yes;yes;yes;yes;no
31;Assessing forest recreational potential from social media data and remote sensing technologies data;10.1016/j.ecolind.2023.110165;Federico Lingua, Nicholas C. Coops, Verena C. Griess;The data extraction from social media involves using convolutional neural networks to automatically classify the content of over 60,000 Flickr images, indicating an AI-based image analysis approach.;No, the paper does not address relational aspects such as interactions between different cultural ecosystem services, bundles, or trade-offs. It focuses on assessing forest recreational potential in isolation.;The paper uses convolutional neural networks to automatically classify the content of over 60,000 Flickr images, indicating that image analysis using AI is the mechanism for extracting information from social media.;instrumental;The CES relacionales in this paper refer to the cultural ecosystem services related to recreation, specifically the potential for recreational activities in BC's provincial parks system. These services are valued in terms of their relational impact on forest management and visitor needs, with a focus on topo-graphic variables influencing visitor choices.;The paper implies transparency and replicability through the use of publicly available data and well-documented machine learning techniques. Accessibility is suggested by the use of public Flickr images. Ethical considerations are not explicitly mentioned.;Not mentioned (the paper does not explicitly discuss bundles or trade-offs between services);The selection of variables was based on a random forest model, which inherently selects variables based on their predictive power. The exact criterion for selection (e.g., correlation, VIF) is not explicitly mentioned.;labelling by AI;no;no;no;yes;no;yes;yes;yes;no
144;Assessing grassland cultural ecosystem services supply and demand for promoting the sustainable realization of grassland cultural values;10.1016/j.scitotenv.2023.169255;Lan Wang, Lin Huang, Wei Cao, Jun Zhai, Jiangwen Fan, Paulo Pereira;The data extraction mechanism from social media involves automated web scraping using Python from platforms like Dianping and Mafengwo. The data is used to assess GCES demand by quantifying visitor numbers and is normalized for consistency. Kernel density analysis is used to identify demand hotspots.;The paper considers relational aspects by examining the spatial dynamics of GCES supply and demand, identifying areas with supply-demand imbalances, and discussing factors influencing spatial misalignment. It uses models like SolVES and geospatial analyses to understand these interactions. The tables likely provide further details on these relational aspects.;The paper uses Python for web scraping social media data from platforms like Dianping and Mafengwo. The data is processed by filtering, merging, and geographic encoding, and is used to quantify demand based on visitor counts rather than content analysis. There is no mention of AI, image analysis, or text analysis.;multiple values (instrumental, relational);"- Scenic travel value (ST-V)
- Spiritual belief value (SB-V)
- Science-education-history value (SEH-V)
- Grassland recuperation value (GH-V)";The paper addresses transparency by declaring no competing interests and making data available on request. Accessibility is ensured through online supplementary data. Replicability is implied by data availability. Ethical considerations include acknowledging potential biases in social media data and the need for more comprehensive methods.;The paper analyzes interactions between different bundles of cultural ecosystem services (CES) in grasslands, including scenic travel value, spiritual belief value, science-education-history value, and grassland recuperation value. These bundles are evaluated in terms of their supply and demand, highlighting a surplus of supply over demand for most services.; ;geolocated check-in;no;yes;no;yes;no;yes;yes;yes;no
34;Assessing the supply and demand linkage of cultural ecosystem services in a typical county-level city with protected areas in China;10.1016/j.ecolind.2023.109992;Yuqing Zhao, Weibin You, Xueer Lin, Dongjin He;The data extraction mechanism from social media involves collecting reviews from Dianping.com, a three-step screening process to ensure data quality, and quantifying demand based on the number of reviews and ratings. The analysis focuses on textual content and ratings without using AI for image analysis.;The paper considers relational aspects by assessing the supply and demand of cultural ecosystem services and their matching relationship, exploring differences across protected areas, using the SolVES model for spatial analysis, and discussing landscape governance and stakeholder preferences.;The extraction of information from social media involves analyzing user reviews and ratings from Dianping.com. The process includes a three-step screening to ensure data quality, focusing on the quantity and rating values rather than detailed content analysis. No AI or image analysis is mentioned in the process.;multiple values (instrumental, relational, intrinsic);"- Aesthetic inspiration: The area provides a rich source of inspiration for activities such as artistic creation, folklore, and architecture, and enables the enjoyment of beauty from different aspects.
- Education humanities: The area has important historical landscapes and objects of important cultural value, which transmit wisdom and knowledge.
- Recreation and ecotourism: The area is characterized by a natural or man-made landscape, a place where people choose to rest and relax during their leisure time.";The paper addresses transparency through the use of publicly available social media data and the SolVES model. Replicability is suggested by the model's accuracy and previous successful applications. Accessibility is ensured by making data available on request. Ethical considerations are addressed by declaring no competing financial interests or personal relationships.;The paper analyzes interactions between services by assessing the supply and demand of cultural ecosystem services (CESs) and their matching relationship in protected areas (PAs) and surrounding areas. It uses the ecological supply-demand ratio (ESDR) to measure surpluses or deficits, indicating an analysis of trade-offs between different CESs. The study also considers the need for diversified and multidimensional development of CESs, suggesting an examination of bundles or combinations of services.;The selection of variables in the study by Yuqing Zhao, Weibin You, Xueer Lin, Dongjin He (2023) includes elevation, slope, and hillshade as main environmental variables. These variables are chosen based on their relevance to the study area and their influence on the supply of cultural ecosystem services (CESs). The selection is part of the SolVES model's approach to integrating environmental factors with social survey data to evaluate CES supply.;text analysis;no;yes;no;yes;no;no;no;yes;no
528;Assessing the Supply-Demand Matching and Spatial Flow of Urban Cultural Ecosystem Services: Based on Geospatial Data and User Interaction Data;10.3390/land14040773;Linru Li, Yu Bai, Xuefeng Yuan, Feiyan Li;"- Mechanism: Text analysis using Latent Dirichlet Allocation (LDA) model.
- Data source: Comments from social media platforms (e.g., Dianping).
- Analysis: Word segmentation and filtering using jieba package; topic modeling to identify CES categories.
- Output: Quantified CES demand values and demand maps.";The paper does consider relational aspects, such as trade-offs and synergies within and between CESs and other ecosystem services. It discusses spatial overlaps and interactions between different services, indicating a focus on relational aspects.;"- The paper uses social media data, specifically user interaction data and comments' text.
- Natural language processing (NLP) techniques are employed using the jieba package for word segmentation and filtering.
- Machine learning techniques are used, specifically the LDA model, to identify topics and feature words.
- The LDA model is used to categorize topics into distinct CES types and establish a matching system between CESs and topics.
- Kernel density analysis is used to generate a demand map.";multiple values (instrumental, relational, intrinsic);"- Aesthetic: 27% high supply areas, four demand topics, focused on natural landscapes like Danxia landform and Wave Valley.
- Recreational: four demand topics, related to tourist experiences, photography, check-ins, and activities.
- Spiritual: two demand topics, associated with heritage, ancient cities, and historical themes.
- Educational: two demand topics, related to children, parks, and museums, reflecting ecological and cultural education.";The paper addresses ethical considerations by acknowledging potential biases in social media data and proposing participatory research to mitigate these biases. It emphasizes transparency by using social media data and discusses replicability by suggesting improvements to the model. Accessibility is considered through enhancing public understanding and awareness.;The paper analyzes interactions between services, specifically discussing trade-offs and synergies within and between cultural ecosystem services (CESs).;The selection of variables was based on relevance to the study's objectives and correlation analysis. Four natural factors and three spatial distance factors were selected for the Maxent model, and their correlation was tested (Figure A2).;labelling by AI;no;no;no;yes;yes;yes;yes;yes;no
151;Assessment of spatial variability of multiple ecosystem services in grasslands of different intensities;10.1016/j.jenvman.2019.109372;Le Clec'h Solen, Robert Finger, Nina Buchmann, Arjan S Gosal, Lukas Hörtnagl, Olivier Huguenin-Elie, Philippe Jeanneret, Andreas Lüscher, Manuel K Schneider, Robert Huber;The extraction of social media data involved querying the Flickr API to gather geo-tagged photographs within specific grassland categories. The method used a 100m buffer size around each point to capture relevant photos. The focus was on the number of photos rather than analyzing their content, with no human tagging or AI analysis involved.;Yes, the paper considers relational aspects such as trade-offs and synergies between different ecosystem services, using PCA to analyze these interactions. It discusses spatial variability and environmental drivers affecting ES provision, highlighting relational aspects like trade-offs between forage provision and other ES, and synergies between forage provision and biodiversity conservation.;"The paper uses an automated process to extract data from Flickr by querying the API to count the number of geo-tagged photographs in different grassland categories. No human tagging, image analysis, or text analysis is involved; only the location data of the photos is used.";instrumental;"- Trade-offs: Forage provision vs. C sequestration, bee species richness, and plant species richness.
- Synergies: Forage provision and biodiversity conservation within grassland categories.";The paper uses diverse data sources, including social media (Flickr), for assessing ecosystem services, enhancing transparency and replicability. Ethical considerations are implied through the use of publicly available data.;The paper analyzes interactions between services/bundles/trade-off by defining bundles as sets of ecosystem services that repeatedly appear together across space or time. It uses PCA to identify trade-offs and synergies between individual ecosystem service indicators, such as yield vs. C sequestration, bee species richness, and plant species richness. The paper highlights the importance of understanding these relationships for sustainable management and discusses spatial variability as a factor influencing bundle provision.;Mallows' Cp was used as the criterion for selecting variables to ensure a good fit and avoid noise and collinearity.;geolocated photos;Mallows' Cp;yes;no;yes;no;yes;no;yes;yes
198;Big data and evaluation of cultural ecosystem services: an analysis based on geotagged photographs from social media in Tuscan forest (Italy);10.3832/ifor2821-011;Iacopo Bernetti, Gherardo Chirici, Sandro Sacchelli;The data extraction mechanism involves collecting geotagged photographs from Flickr, focusing on their geographic location and density, without analyzing the content of the photos or using human tagging, AI, image analysis, or text analysis.;No, the paper does not address relational aspects or interactions between cultural ecosystem services. It focuses on individual forest stands and their aesthetic appreciation.;The paper uses geotagged photographs from Flickr to extract data, focusing on geographic location and density of pictures. It does not specify whether human tagging or AI is used, nor does it mention image or text analysis.;multiple values;The paper mentions CES with relational values based on the analysis of geotagged photographs, focusing on aesthetic appreciation and relating it to forest variables and species. High values of CES are noted for high forest and protected areas, with certain species like silver fir and beech being more appreciated. Quantitative parameters such as elevation and biomass stock are also significant in the CES assessment.;Not mentioned (the paper does not explicitly address ethical considerations, transparency, replicability, or accessibility);Not mentioned (the paper does not explicitly discuss bundles or trade-offs between services);"- Variables selected: forest species (silver fir, coastal Mediterranean pine, beech, mixed forests), elevation, biomass stock, distance to main roads
- Criteria for selection: Not mentioned";geolocated photos;no;no;no;yes;no;no;no;no;no
379;Biodiversity and infrastructure interact to drive tourism to and within Costa Rica;10.1073/pnas.2107662119;;;;;;;;;;geolocated photos;Variance Inflation Factor (VIF);yes;no;no;yes;yes;yes;yes;no
177;Can We Foresee Landscape Interest? Maximum Entropy Applied to Social Media Photographs: A Case Study in Madrid;10.3390/land11050715;Nicolas Marine, Cecilia Arnaiz-Schmitz, Luis Santos-Cid, María F Schmitz;"The data extraction from social networks involves using georeferenced photographs from Panoramio, with manual classification by researchers into categories based on the content of the images. There is no mention of AI or automated image analysis; the focus is on spatial distribution using geotagging information.";No, the paper does not address relational aspects or interactions between cultural ecosystem services. It focuses on evaluating the effectiveness of MaxEnt in predicting CES based on social media photographs and does not explore relational aspects or trade-offs between different CES.;"The extraction of information from social networks in this study involves using georeferenced photographs from Panoramio, with metadata such as username, upload date, title, hashtags, and location. The photographs are manually classified into categories by researchers based on their content. There is no mention of using artificial intelligence or automated image analysis; the process relies on human tagging and analysis of metadata.";relational;"- Natural system: Majority presence of flora and fauna in a wild state.
- Urban system: Majority presence of architectural and urban elements.
- Rural system: Majority presence of agrosilvopastoral elements.
- Water bodies: Majority presence of aquatic elements.
- Recreational activities: Presence of people engaged in sports or walking activities.
- Cultural activities: Presence of museums, monuments, food or typical products.";The paper mentions that the authors declare no conflict of interest, but it does not provide detailed ethical considerations or discuss transparency, accessibility, or replicability beyond stating that the data availability statement is not applicable.;Not mentioned (the paper does not explicitly analyze interactions between services or bundles/trade-offs);The selection of variables is based on their relevance to the study area and the type of data available, including land use and land cover, geomorphology, communication infrastructures, and heritage assets. The variables are continuous, and proximity indices are calculated using the Kernel tool. The selection appears to be influenced by the data itself and how it is processed, as indicated by the jackknife values and the dependence on different variables in different samples.;labelling by humman;no;no;no;yes;yes;no;no;no;no
19;Characterizing nature-based recreation preferences in a Mediterranean small island environment using crowdsourced data;10.1080/26395916.2023.2274594;Laura Costadone, Mario V Balzan;The data extraction from social media involved using the Google Cloud Vision API to analyze images uploaded to Flickr, which assigned labels to identify nature-based interactions. This was complemented by manual content analysis to refine accuracy and eliminate non-relevant images. Co-occurrence analysis of labels and geographic label distribution were also used to further refine connections between labels and people's preferences.;The paper does consider relational aspects, such as the impact of nature-based recreation on biodiversity and ecosystem services, trade-offs between different services, and the need to integrate recreational services into landscape planning to mitigate negative impacts. It also highlights the importance of maintaining conservation value and ecosystem service capacities in areas with high recreational activity.;The paper uses the Google Vision machine learning algorithm for automated image analysis to extract information from Flickr images. It also involves manual verification of a subset of images to ensure accuracy. The study does not use human tagging or text analysis but relies on automated image analysis and co-occurrence analysis of labels.;multiple values;Not mentioned (the paper does not explicitly mention CES relational values);The paper implies considerations for transparency, replicability, accessibility, and ethical use through its methodology and application, but does not explicitly address these in a dedicated section.;Yes, the paper analyzes interactions between services/bundles/trade-offs, particularly in the context of balancing human recreation with biodiversity conservation and ecosystem service management.;The selection of variables was based on a stepwise approach using the Akaike Information Criterion (AIC) to select the best-fit model from a set of explanatory variables including land use/land cover type, road network, coastal zones, protected areas, population size, and habitat distribution.;"labelling by AI;labelling by humman";Akaike Information Criterion (AIC);no;no;yes;no;no;no;no;no
29;Combining social media photographs and species distribution models to map cultural ecosystem services: The case of a Natural Park in Portugal;10.1016/j.ecolind.2018.08.043;Pedro Clemente, Marta Calvache, Paula Antunes, Rui Santos, Jorge Orestes Cerdeira, Maria João Martins;"- Mechanism of data extraction: Flickr API
- Human tagging: Yes, researchers manually classified photographs
- Content analysis: Yes, researchers analyzed the content of photographs to determine CES
- Use of AI: No
- Use of image analysis: No
- Use of text analysis: No";Yes, the paper addresses relational aspects by identifying spatial overlaps between different CES, such as Recreation & Aesthetics services, and discussing how CES are interconnected with other ecosystem services, leading to synergies and trade-offs.;The paper uses geo-tagged photographs from Flickr as a proxy for people's preferences for cultural ecosystem services (CES). The photographs were analyzed and classified by researchers according to a tailored list of CES, indicating a human tagging process. The use of Maxent, a species distribution model, was adapted to combine the observation of CES occurrence with biophysical and infrastructural variables, but it does not involve AI or image analysis. The process involves human interpretation and classification of photos, which is a manual process rather than automated AI or image analysis.;multiple values (instrumental, relational, intrinsic);The paper mentions the relational aspects of CES, highlighting significant spatial overlaps between services like Recreation and Aesthetics, and interconnections with other ecosystem services. The table on page 8 likely provides more detailed relational data.;The paper addresses ethical considerations by noting biases in photo interpretation and representativeness. It discusses accessibility issues related to technology access and demographic factors. Transparency is implied through the use of Maxent and the provision of tools for stakeholders. Replicability is supported by the cost-effective and accessible nature of using social media data.;The paper analyzes interactions between services/bundles/trade-off by identifying spatial overlaps between different cultural ecosystem services (CES) such as Recreation and Aesthetics, and discussing their interconnections with other types of ecosystem services, leading to synergies and trade-offs.;The selection of variables was based on existing literature and expert opinions. Eight variables were selected, including four bio-physical components and four infrastructural factors, using open sources and proximity indices calculated as Euclidean distances.;labelling by humman;Expert knowledge;yes;no;yes;no;no;yes;no;no
566;Continental-scale quantification of landscape values using social media data;10.1073/pnas.1614158113;Boris T Van Zanten, Derek B Van Berkel, Ross K Meentemeyer, Jordan W Smith, Koen F Tieskens, Peter H Verburg, Alexander Stewart Fotheringham, K F T Analyzed;"- Data extraction mechanism: APIs from Panoramio, Flickr, and Instagram.
- Data processing: Keyword filtering for Flickr and Instagram using text analysis.
- Tools used: Python libraries (Pandas, Textblob, PyProj).
- Spatial analysis: Aggregation into 5 × 5-km resolution raster and alignment in ArcGIS.";The paper considers relational aspects by examining interactions between landscape features and their impact on cultural ecosystem services. It identifies specific features like topography, proximity to water bodies, and land cover patterns as influential factors and quantifies their effects using a generalized mixed-effects model.; ;instrumental, relational;"- Aesthetic appeal: Hills and mountains are strong predictors.
- Recreation and leisure activities: Distance to water bodies is a strong predictor in Instagram.
- Social and cultural significance: Presence of hedges and tree lines is a strong predictor in Flickr.
- Mental health and well-being: Not explicitly mentioned but implied through aesthetic and recreational values.
- Population density: Positively related to aesthetic and outdoor recreation values.
- Protected areas: Significantly higher photo concentrations in protected areas for Panoramio and Instagram.
- Per capita GDP: Strongest positive predictor for Flickr and Instagram, but insignificant due to spatial autocorrelation.";;The paper analyzes interactions between services/bundles/trade-off by examining how different landscape features such as accessibility, population density, and proximity to water bodies contribute to aesthetic and outdoor recreation values. It uses a predictive model to quantify these interactions at a continental scale.;The selection of variables was based on their relevance to landscape values and accessibility, as described in the SI Appendix, Table S3. The criteria for selection are not explicitly mentioned in the main text, but the variables were chosen based on their potential to influence landscape values.;text analysis;no;yes;no;yes;yes;yes;yes;yes;no
28;Crowdsourcing indicators for cultural ecosystem services: A geographically weighted approach for mountain landscapes;10.1016/j.ecolind.2015.12.042;Patrizia Tenerelli, Urska Demsar, Sandra Luque;The paper uses geo-tagged images from social media to assess revealed preferences, focusing on spatial information (location) without explicit mention of human tagging, AI, image analysis, or text analysis.;"The paper considers relational aspects by examining how landscape settings are associated with people's preferences and perceptions related to cultural ecosystem services. It uses spatially weighted regression to identify drivers of these services at the local scale, which implies a relational analysis. However, it does not explicitly mention ""bundles"" or ""trade-offs.""";The paper uses geo-tagged images from social media to assess revealed preferences, focusing on spatial patterns and landscape settings. The exact mechanisms of data extraction (e.g., human tagging, AI, image analysis) are not explicitly mentioned.;instrumental, relational;The paper discusses the relational aspects of cultural ecosystem services (CES) by analyzing how landscape settings are associated with people's preferences and perceptions, and how specific variables drive CES at the local scale. It uses crowdsourced data to identify spatial patterns and associations with landscape settings.;Not mentioned (the paper does not explicitly address ethical considerations, transparency, accessibility, or replicability);The paper analyzes interactions between cultural ecosystem services and their spatial distribution, indicating an examination of service bundles and trade-offs in mountain landscapes.;Not mentioned (the paper does not specify the criteria used for selecting predictor variables);geolocated photos;no;yes;no;yes;no;no;no;no;no
77;Crowdsourcing social values data: Flickr and public participation GIS provide different perspectives of ecosystem services in a remote coastal region;10.1016/j.ecoser.2023.101566;Tahlia Daymond, Margaret E Andrew, Halina T Kobryn;The data extraction mechanism from social media involved content analysis of geotagged photos shared on Flickr. Human analysts developed a ruleset to classify social values based on previous studies and preliminary screening. Photos were analyzed independently by three authors, with auxiliary information from user text and Google Maps used to aid interpretation. The focus was on identifying social values and determining their relative popularity.;The paper does not explicitly address relational aspects, interactions, bundles, or trade-offs between cultural ecosystem services. It focuses on comparing individual social values as represented by Flickr and PPGIS datasets.;The extraction of information from social media involved content analysis of geotagged photos shared on Flickr. Human coders independently analyzed photos to identify social values, using a developed ruleset and auxiliary information like user-supplied text and Google Maps searches. The process relied on human interpretation rather than automated methods like AI or image analysis.;multiple values (instrumental, relational);The paper discusses relational aspects of cultural ecosystem services (CES) through the social values typology, which includes values such as scenic, Aboriginal, heritage, learning, spiritual, recreation, recreational fishing, economic, nature-based tourism, and biological. These values are related to cultural and provisioning services.;The paper addresses ethical considerations by discussing concerns about representativeness, accessibility, and ethical use of social media data. It emphasizes the need for further study to evaluate suitability for environmental planning, highlighting issues of replicability and transparency. The paper also notes differences in contributor motivations and the uncontrolled nature of Flickr datasets, affecting transparency and ethical use. It concludes that thoughtful application and interpretation are necessary for transparency and ethical considerations.;Not mentioned (the paper does not analyze interactions between services/bundles/trade-off);The selection of variables was based on expert knowledge of the study area and understanding developed through content analysis of Flickr photos, as well as informed by published models of social values in the literature.;labelling by humman;Expert knowledge;yes;no;yes;yes;yes;yes;yes;no
23;Cultural ecosystem services provided by rivers across diverse social-ecological landscapes: A social media analysis;10.1016/j.ecolind.2019.105580;Rebecca L Hale, Elizabeth M Cook, Bray J Beltrán;The data extraction mechanism from social media involves analyzing the text (title, tags, descriptions) associated with geo-located Flickr images to quantify cultural ecosystem services (CES). The method is a bottom-up, data-driven approach that uses metadata from Flickr images and focuses on text analysis rather than visual content analysis.;The paper does address relational aspects by examining how cultural ecosystem services (CES) are supported by landscape features and identifying bundles of CES that differ from traditional categories. It critiques traditional categories for not capturing these relational dynamics and suggests a more nuanced understanding of CES interactions with landscape factors.;The extraction of information from social media in this study involves analyzing the text (title, tags, descriptions) associated with geo-located Flickr images, using a bottom-up, data-driven approach. This method focuses on text analysis rather than image content analysis or human tagging.;instrumental;"The paper mentions ""Social Relations"" as a CES category, which implies relational values, but does not explicitly use the term ""relational values.""";The paper discusses transparency in using social media data for CES quantification, notes limitations in accessibility due to demographic data gaps, and highlights the need for validation and calibration for replicability. Ethical considerations are implied through discussions of data limitations and biases.;The paper identifies four distinct CES clusters that are distinct from traditional CES categories. These clusters include specific activities and aspects of existence and aesthetic values, indicating that CES do not bundle in the same way as traditionally categorized.;"- Logistic regression: Selection based on Akaike Information Criterion (AIC) using the ""glmulti"" package.
- Linear regression: Selection based on R² using the ""leaps"" package.
- Removal of collinear variables based on Variance Inflation Factor (VIF).
- Removal of variables with limited data.
- Stepwise model selection in redundancy analysis.";text analysis;"Akaike Information Criterion (AIC);Variance Inflation Factor (VIF)";yes;no;yes;no;yes;yes;no;yes
65;Defining and spatially modelling cultural ecosystem services using crowdsourced data;10.1016/j.ecoser.2020.101091;Ilan Havinga, Patrick W Bogaart, Lars Hein, Devis Tuia;"- Mechanism: Use of APIs to extract data (e.g., Flickr API for geo-located photos).
- Data extraction: Location data and content of images from Flickr; textual data from Twitter for sentiment analysis.
- Analysis: Use of machine learning methods to automate analysis of large datasets.";The paper does not explicitly address relational aspects, bundles, or trade-offs between cultural ecosystem services. It focuses on defining and categorizing CES, suggesting an isolated approach to each service rather than exploring their relational dynamics.; ;multiple values (instrumental, relational);The paper mentions CES with relational values, particularly in terms of cultural identity, heritage, knowledge, and spiritual services. These services are conceptualized as information flows that contribute to cultural experiences and benefits, highlighting their relational significance.;The paper addresses ethical considerations by discussing privacy and consent issues with crowdsourced data, emphasizing user awareness and control, and highlighting legislative developments like GDPR. It also touches on transparency and replicability by noting the need for anonymizing data and restricting access.;Not mentioned (the paper does not analyze bundles or trade-offs between services);The selection of variables was based on an iterative process that considered established conceptual thinking, sources of crowdsourced data, and the authors' experiences. The criteria for selecting studies included a focus on human-nature interactions, use of geo-located records, operational sources, and international relevance. The service categories were shaped by the information available from identified sources.;"labelling by AI;labelling by humman";no;no;no;yes;yes;yes;yes;yes;no
78;Demand and supply of cultural ecosystem services: Use of geotagged photos to map the aesthetic value of landscapes in Hokkaido;10.1016/j.ecoser.2017.02.009;Nobuhiko Yoshimura, Tsutom Hiura;"The data extraction mechanism involves using Flickr's API to access metadata such as photo ID, user ID, location coordinates, and tags. The authors use a keyword filter (""landscape"") to extract relevant photos, and then use viewsheds to estimate locations from Flickr photos. The method does not involve human tagging or AI-based image analysis; instead, it relies on the metadata and viewsheds to estimate demand and supply areas.";The paper considers relational aspects by examining interactions between demand and potential supply areas for aesthetic value, identifying trade-offs between different land use types, and discussing bundles of ecosystem services such as cultural and provisioning services. It also explores how environmental factors contribute to aesthetic value and biodiversity richness.;"The paper uses geotagged photos from Flickr, extracting metadata such as location and tags. It filters landscape photos using the ""landscape"" keyword and uses spatial analysis techniques like viewsheds and MaxEnt software. There is no mention of human tagging, AI-based image analysis, or text analysis. The method relies on metadata and spatial distribution of photo locations.";multiple values (instrumental, relational);"- Aesthetic value of landscapes: pleasure derived from natural beauty, important for recreation and ecotourism.
- Demand areas: concentrated in natural parks, forests, and farmland.
- Potential supply areas: exceed demand areas in national parks, significant supply gaps in forests.
- Environmental factors contributing to potential supply: distance from volcanic topography, type of topography, variety of topography, naturalness, distance from lakes.
- Relationship with biodiversity: areas with high aesthetic value are also important for biodiversity conservation.";The paper addresses transparency by improving upon existing methods for estimating aesthetic value using geotagged photos. It discusses replicability by providing a direct method for mapping demand and supply. Accessibility is considered through the use of cost-effective SNS data. Ethical considerations include addressing limitations such as positional accuracy and sample representativeness, acknowledging biases in SNS data, and the need for further demographic studies.;The paper analyzes interactions between services/bundles/trade-offs by identifying areas with potential supply despite low demand, highlighting the relationship between aesthetic value and biodiversity richness, and considering the potential for both CES and provisioning services in farmland.;The selection of variables was based on previous studies and expert knowledge, focusing on naturalness, water influence, and topography. The variables were chosen to ensure they did not have significant correlations with each other (all r < 0.4). The selection was also influenced by the use of MaxEnt software, which uses machine-learning to estimate probability distributions based on observed environmental factors.;tags filtering;"Expert knowledge;Correlation analysis";no;no;yes;yes;yes;yes;yes;no
359;Digital conservation in biosphere reserves: Earth observations, social media, and nature’s cultural contributions to people;10.1111/conl.12704;Ana Sofia Vaz, Ricardo A Moreno-Llorca, João F Gonçalves, Joana R Vicente, Pablo F Méndez, Eloy Revilla, Luis Santamaria, Francisco J Bonet-García, João P Honrado, Domingo Alcaraz-Segura, Ana Sofia Vaz, Iecolab; ;No, the paper does not explicitly address relational aspects, interactions, or trade-offs between different cultural ecosystem services. It focuses on evaluating individual categories of nature's cultural contributions to people in two biosphere reserves using a multimodel inference framework.;The extraction of information from social media involved manual classification of georeferenced Flickr photographs into specific categories based on their content. The data collection was automated using APIs and Python tools, but the analysis was done manually by categorizing each photograph into one of five categories. There is no mention of AI or automated image analysis tools being used.;multiple values (instrumental and relational);"Not mentioned (the paper does not explicitly mention ""CES relacionales"" or provide relational values for CES)";The paper addresses ethical considerations by noting that social media users' photo sharing decisions may not reflect true preferences. It discusses transparency by suggesting future research on user motivations. Accessibility and replicability are considered through the reproducibility of the framework and potential biases in Earth observation data.;The paper analyzes interactions between services/bundles/trade-offs by evaluating nature's cultural contributions to people in two biosphere reserves, identifying key predictors, and maximizing synergies between biodiversity conservation and cultural values.;The selection of variables was based on statistical criteria to avoid correlation and multicollinearity, using a pairwise Spearman value less than 0.6 and a Variance Inflation Factor (VIF) less than 5. Additionally, due to the small sample size, the maximum number of predictors per model was limited to four.;labelling by humman;"Variance Inflation Factor (VIF);Spearman correlation";no;no;yes;yes;yes;yes;yes;no
204;Digital footprints: Incorporating crowdsourced geographic information for protected area management;10.1016/j.apgeog.2017.11.004;Chelsey Walden-Schreiner, Yu-Fai Leung, Laura Tateosian;The data extraction from social media in the study involved using the Flickr API to collect metadata from geotagged photos, including geolocation and temporal data. The process focused on metadata without analyzing the image content or performing text analysis. A manual review was conducted on a sample of photos to assess spatial accuracy.;The paper does not explicitly address relational aspects or interactions between cultural ecosystem services. It focuses on understanding visitor distribution patterns and the influence of infrastructure and environmental factors, but does not consider bundles or trade-offs between services.;"The study uses geotagged photo metadata from Flickr, queried through the Flickr API using R software. The content of photos is assessed for spatial accuracy by identifying photos near landmarks and manual review of a random sample. No AI or image analysis is used; the focus is on spatial distribution patterns from metadata. Future research is recommended to include content analysis of photos.";instrumental;Not mentioned (the paper does not provide specific relational values or detailed analysis of CES);The paper addresses transparency by highlighting the accuracy and timeliness of geotagged photos. It discusses replicability by noting the shift from digital cameras to mobile devices and the potential for crowdsourced correction. Accessibility is enhanced by reducing barriers to data collection. Ethical considerations include potential biases in user demographics and the need for further research into these dynamics.;Not mentioned (the paper does not explicitly discuss bundles or trade-offs in the context of services or interactions);The selection of variables was based on expert judgment and literature review, focusing on the purpose of infrastructure as transportation corridors or destinations and environmental characteristics based on recreation ecology literature.;geolocated photos;Expert knowledge;no;no;yes;yes;yes;yes;yes;no
270;Disparity in Perceptions of Social Values for Ecosystem Services of Urban Green Space: A Case Study in the East Lake Scenic Area, Wuhan;10.3389/fpubh.2020.00370;China Gulnihal Law, Ozbay, Xinli Ke, Min Min, Yuanyuan Chen, Peng Cheng; ;The paper considers relational aspects by examining the interactions between social values and environmental conditions, such as distance to water and land use/cover. It also discusses trade-offs and bundles of ecosystem services by analyzing how these factors influence social values differently for residents and tourists.;The paper uses Sina Blog as a data source, collecting text posts and photos. It does not specify whether human tagging or AI is used for content analysis. The focus is on spatial information from photos and text to identify locations and social values.;multiple values;The paper discusses cultural ecosystem services (CES) in terms of their role in urban planning and social values, particularly cultural services. It identifies key social values related to CES as recreation, culture, history, future, and aesthetic values. The paper uses SolVES to analyze these values and their relationships with environmental conditions. The relational values are implied through the discussion of social value indicators and their importance to different stakeholder groups.;"- Ethical approval: Not required according to local legislation and national guidelines.
- Transparency: No conflict of interest; raw data and supplementary materials available online.
- Accessibility: Raw data and supplementary materials available online.
- Replicability: Supported by availability of data and materials, but detailed replication methods not explicitly mentioned.";The paper analyzes interactions between services/bundles/trade-offs by examining the relationships between social values and environmental conditions, and how these interactions differ between residents and tourists.;The selection of variables was based on their potential to explain spatial variations in social value intensity, focusing on distance to road, water, elevation, and land use/cover, which are relevant to visitor choice and natural conditions.;geolocated photos and text;no;yes;no;no;yes;yes;yes;yes;no
173;Earth observation and social media: Evaluating the spatiotemporal contribution of non-native trees to cultural ecosystem services;10.1016/j.rse.2019.05.012;Ana Sofia Vaz, João F Gonçalves, Paulo Pereira, Frederico Santarém, Joana R Vicente, João P Honrado; ;The paper does not explicitly address relational aspects or interactions between different cultural ecosystem services. It focuses on the contributions of non-native trees to specific services like landscape aesthetics and nature recreation, without discussing trade-offs or bundles between these services.;The paper uses manual classification by human observers to identify the dominant tree species and the focus of photographs from social media platforms Flickr and Wikiloc. Statistical analysis, such as chi-square tests and computation of odds ratios, is applied to these manually classified data. There is no mention of using AI or automated image analysis techniques.;multiple values (instrumental and relational);"The paper does not explicitly mention ""CES relacionales,"" but it discusses the relational aspects of cultural ecosystem services (CES) through the use of odds ratios and a multimodel framework that evaluates the contributions of non-native trees to landscape aesthetics and nature recreation.";The paper addresses ethical considerations by not analyzing private data, discusses transparency by acknowledging potential biases in data collection, and implies replicability by using publicly available data. Accessibility is enhanced through the use of multiple data sources.;The paper analyzes interactions between ecosystem services, specifically focusing on the contributions of non-native trees to cultural services and how these are influenced by environmental context and visual-sensory features across different seasons. It implies a consideration of bundles of ecosystem services in land planning and management.;The selection of variables involved testing for pair-wise correlations and multicollinearity using Pearson correlation and variance inflation factors (VIF). Variables with high correlations (>0.6) and high VIFs (>4) were discarded. The selection process also considered the performance of variables in a multimodel inference framework, with the best model combining both environmental context and landscape visual-sensory predictors.;labelling by humman;"Pearson correlation;Variance Inflation Factor (VIF)";no;no;yes;yes;yes;yes;yes;no
145;Evaluating the supply and demand of cultural ecosystem services in the Tibetan Plateau of China;10.1007/s10980-022-01467-z;Jinxi Zhang, Chunyang He, Qingxu Huang, Jian Li, Tao Qi;The extraction of social media data involved collecting geotagged review data from Ctrip.com, processing it through filtering and text analysis to categorize sites into different CES types based on keywords, and using kernel density estimation to quantify demand. The analysis included text analysis to understand public attitudes and preferences.;The paper does not explicitly address relational aspects, interactions, bundles, or trade-offs between different cultural ecosystem services. It focuses on the spatial mismatch between supply and demand for individual CESs.;The paper uses geotagged review data from Ctrip.com, applies manual filtering and text analysis to categorize sites into different CES types based on keywords, and uses kernel density estimation to quantify demand. It does not mention the use of AI or image analysis.;multiple values (instrumental, relational);"Not mentioned (the paper does not explicitly mention ""CES relacionales"" or provide relational values for CESs)";The paper addresses accessibility and replicability by using social media big data and the SolVES model. It acknowledges limitations related to ethical considerations, such as potential bias in social media data. However, it does not explicitly discuss transparency or detailed ethical considerations.;Not mentioned (the paper does not discuss bundles or trade-offs between services);The selection of variables is based on their ability to effectively reflect the natural conditions of locations providing CESs, including land use, slope, elevation, distance to water (DTW), and distance to roads (DTR). The criterion appears to be based on relevance to the ecosystem services being studied, likely involving expert judgment.;text filtering;Expert knowledge;yes;no;yes;no;yes;yes;yes;no
30;Explicit quantification of coastal cultural ecosystem services: A novel approach based on the content and sentimental analysis of social media;10.1016/j.ecolind.2022.108756;Haojie Cao, Miao Wang, Shiliang Su, Mengjun Kang;"- Mechanism of data extraction: Machine learning and content analysis
- Use of AI: Yes, for image and text analysis
- Image analysis: Yes, using Google Cloud Vision API
- Text analysis: Yes, using Google Cloud Natural Language API
- Human tagging: No, automated processes are used";The paper does consider relational aspects by examining the spatial distribution and concentration of CESs in cultural attractions and protected areas, and by quantifying relationships between CESs and sentiments with demographic and temporal factors. It also provides insights into users' perceptions and valuations, which could imply an examination of trade-offs or bundles. However, it does not explicitly mention bundles or trade-offs in the context of CESs.;The paper uses a combination of machine learning and human involvement for data extraction from social media. It employs the Google Cloud Vision API for image analysis and the Google Cloud Natural Language API for sentiment analysis of user-generated text. Human involvement includes manual translation and removal of irrelevant text. The process combines content analysis and natural language processing to extract information from geotagged photographs and textual content on Flickr.;multiple values;"- Recreational services: associated with cycling and water transportation
- Aesthetic services: highest dominance value for coastal and oceanic landforms
- Amenity services: related to resorts and outdoor furniture
- Knowledge services: include pollinators, maps, agriculture, and bioluminescence
- Naturalistic services: refer to wildlife, plants, and abiotic components
- Spiritual services: associated with historical sites like sculptures and temples";The paper addresses ethical considerations by ensuring privacy through aggregated data presentation. Transparency is demonstrated by detailed methods and data collection. Accessibility is considered through publicly accessible data. Replicability is supported by detailed method descriptions. Limitations include subjective judgment and data distribution issues.;The paper analyzes interactions between different Cultural Ecosystem Services (CESs) and related sentiments, focusing on their spatial distribution and associations with sociodemographic and temporal factors, indicating an analysis of service bundles.;The selection of variables was based on related literature, focusing on temporal characteristics (seasonal variations and daytime/nighttime visits) and sociodemographic characteristics (origins of tourists). The criteria for selection were not explicitly mentioned, but the choice was informed by existing research and relevance to the study's objectives.;"labelling by AI;text mining";no;yes;no;yes;no;yes;yes;yes;no
172;Exploring the Influencing Factors of the Recreational Utilization and Evaluation of Urban Ecological Protection Green Belts for Urban Renewal: A Case Study in Shanghai;10.3390/ijerph181910244;Weiqi Zhao, Yun Wang, Dan Chen, Ling Wang, Xiaomin Tang;"The study uses Sina Weibo sign-in data to quantify recreational utilization. The data includes location and status information, which is used to measure recreational utilization based on the correlation between social media post density and actual visits. No human tagging or AI analysis of post content is mentioned; the focus is on location and time data.";The paper considers relational aspects by examining interactions between internal and external factors affecting recreational utilization. It discusses positive correlations between green space size and water bodies with recreational use, as well as the impact of external factors like accessibility and surrounding services. The study implies consideration of bundles or synergies by suggesting that increasing cultural facilities and restaurants can enhance recreational utilization. It also suggests awareness of trade-offs by balancing ecological functions with recreational transformation.;The study uses Sina Weibo sign-in data, which includes user ID, longitude, latitude, and time, to quantify recreational utilization. The data is obtained through an API agreement with Sina Weibo, indicating an automated process. The analysis is based on the density of check-ins to correlate with actual visits, without any mention of human tagging or AI analysis of post content.;instrumental, relational;"The paper provides relational values for some factors affecting recreational utilization of the green belt, such as a 0.71% increase in recreational potential for a 1% increase in green land and water bodies, and a 2.33% increase in recreational utilization for a 1% increase in cultural facilities and restaurants. However, it does not explicitly mention ""CES relacionales"" or provide a comprehensive list of relational values for all factors.";The paper addresses transparency by stating that data is available on request but not publicly due to privacy. It declares no conflict of interest, addressing ethical considerations. However, it notes limitations in replicability due to data privacy and demographic biases in social media data.;The paper analyzes the bundle of ecological and recreational services in urban green belts, highlighting the positive impact of green spaces and water bodies on recreational activities, and the role of cultural facilities and restaurants in enhancing recreational utilization. It also discusses the trade-off between ecological and recreational services in urban planning.;The selection of variables was based on theoretical assumptions about factors influencing recreational utilization of green belts, including internal attributes, accessibility, and surrounding service facilities. The selection process involved testing different regression models to find the best fit, with the logarithmic model being chosen for its high explanatory power. Statistical criteria such as VIF and model fit were used to guide the selection.;geolocated sign-in;Variance Inflation Factor (VIF);no;no;yes;no;yes;yes;no;no
209;Geodiversity Supports Cultural Ecosystem Services: an Assessment Using Social Media;10.1007/s12371-022-00665-0;;;;;;;;;;"labelling by AI;text filtering;sentimental analysis";no;yes;no;yes;yes;yes;yes;yes;no
403;Geolocated social media as a rapid indicator of park visitation and equitable park access;10.1016/j.compenvurbsys.2018.01.007;;;;;;;;;;geolocated photos;no;no;no;yes;no;yes;yes;yes;no
12;Harnessing artificial intelligence technology and social media data to support Cultural Ecosystem Service assessments;10.1002/pan3.10199;Lukas Egarter Vigl, | Thomas Marsoner, Valentina Giombini, Caroline Pecher, Heidi Simion, | Egon Stemle, Erich Tasser, Daniel Depellegrin, Lukas Egarter, Sarah Klain;The data extraction mechanism involves using Flickr's API to collect data, then applying an AI-based approach that combines computer vision (using Clarifai) to translate image content into natural language tags, and text mining (using Lexalytics) to semantically analyze and classify these tags. This process allows for the classification of images into different CES categories based on their visual-sensory attributes.;The paper does consider relational aspects of Cultural Ecosystem Services (CESs), including their cultural context, value pluralism, and provision in bundles. It also identifies hotspots and coldspots of CES flow, which implies consideration of spatial interactions and trade-offs.;"- The paper uses an AI-based approach combining computer vision with text mining to extract information from Flickr data.
- The Clarifai image annotation engine is used to automatically analyze and translate image content into natural language tags.
- A machine learning text analysis engine is used to semantically analyze and classify these tags using a concept matrix based on Wikipedia.
- The AI technology is used to screen and classify images, producing tags and analyzing semantic associations.
- The method is efficient and mitigates subjective interpretation, allowing for hotspot and activity identification.";multiple values;The paper mentions relational values in the context of CES, highlighting their importance in understanding how people relate to nature and others for a good quality of life.;"- Ethical considerations: Privacy, anonymity, trust, and demographic profiling challenges.
- Transparency: Need for best practices in AI use, low transparency in AI systems.
- Accessibility: Potential limitations in accessing photographs, costs of AI products, academic licenses available.
- Replicability: Use of online engines for baseline assessments.";The paper analyzes interactions between services/bundles/trade-off by identifying statistically significant hot and coldspots of aggregated CESs and using AI technology to assess CESs and identify areas for conservation or management.;The selection of variables was based on their theoretical relevance to the study's objectives, including natural geographic variables (terrain ruggedness index, land cover data) and human variables (distance to paths, villages, and points of interest). The specific criteria for selection are not explicitly mentioned in the paper.;"labelling by AI;text mining";no;yes;yes;yes;yes;yes;yes;yes;yes
408;How can urban green space be planned for a ‘happy city’? Evidence from overhead- to eye-level green exposure metrics;10.1016/j.landurbplan.2024.105131;;;;;;;;;;"text analysis;labelling by humman;labelling by AI";Correlation analysis;yes;no;yes;no;yes;yes;yes;no
266;How do urban park features affect cultural ecosystem services: Quantified evidence for design practices;10.1016/j.ufug.2022.127713;;;;;;;;;;"labelling by AI;labelling by humman";Variance Inflation Factor (VIF);yes;no;yes;no;yes;yes;yes;no
411;Identifying the spatiotemporal dynamics of forest ecotourism values with remotely sensed images and social media data: A perspective of public preferences;10.1016/j.jclepro.2022.130715;;;;;;;;;;text analysis;"Variance Inflation Factor (VIF);Pearson correlation";yes;no;yes;yes;yes;yes;yes;no
240;Landscape management and planning as a spatial organization method connecting CES supply-demand assessment and sustainable tourism development;10.1016/j.jort.2023.100705;Chang Li, Qifan Liang, Beiduo Lin, Jun Zhai;"- Data source: Geotagged photos from ""six-foot"" social media platform.
- Mechanism: Screening and filtering of photos to ensure relevance and accuracy.
- Analysis: Use of MaxEnt and kernel density analysis in ArcGIS to map CES supply and demand.
- No AI or image/text analysis mentioned; focus on spatial distribution based on photo locations.";The paper does consider relational aspects such as the interaction between different types of Cultural Ecosystem Services (CES), trade-offs, and bundles. It evaluates the balance between supply and demand, identifies imbalances, and proposes a multiscale allocation strategy, indicating a relational approach to understanding CES interactions.; ;instrumental;"- Aesthetic: 38.4% imbalance
- Cultural Heritage: 48.1% imbalance
- Recreation: 37% imbalance";The paper addresses ethical considerations by declaring no competing interests and making data available on request. It discusses limitations in social media data accessibility and representativeness, suggesting future improvements for replicability and accessibility.;The paper analyzes interactions between services/bundles/trade-off by discussing the trade-off between tourism protection and development, addressing imbalances in CES supply and demand, and finding new tourism value in imbalanced areas. It also emphasizes the spatial relationship between supply and demand in landscape management and planning.;The selection of variables is based on their potential impact on CES supply, integrating elements from nature, society, and human activities. Key factors include elevation, distance to CES sites, and vegetation coverage index, as determined by their contribution to the MaxEnt model.;geolocated photos;no;no;no;yes;yes;yes;yes;yes;no
260;Linking modelling and empirical data to assess recreation services provided by coastal habitats: The case of NW Portugal;10.1016/j.ocecoaman.2017.12.022;J Cunha, M Elliott, S Ramos;"The extraction of social media data involves using geotagged photographs from Flickr as a proxy for tourist visits. The InVEST Recreation model processes these photographs to estimate visit rates in terms of photo-userdays (PUD). The model does not analyze the content of the photographs but uses their geotagged location data. No human tagging or AI analysis of the photographs is mentioned; the focus is on the spatial data.";The paper considers relational aspects by integrating human activities with ecosystem services, discussing interactions between cultural practices and the natural environment, and emphasizing synergies between protection and recreation. It also highlights the importance of local assessments to understand specific relational dynamics within the study area.;"The paper uses geotagged photographs from Flickr as a proxy for tourist visits, calculating ""photo-userdays"" (PUD) to estimate visit rates. The extraction of information from social media involves using these photographs' spatial data without analyzing their content.";instrumental;"- Beaches: coefficient = 6.47E -02 (sub-region 1), coefficient = 5.04E -02 (sub-region 2), coefficient = 8.07 E -02 (sub-region 3)
- Protected Areas: positively correlated with visitor rates in all sub-regions";The paper addresses ethical considerations by acknowledging potential biases in using social media data. It emphasizes transparency by discussing limitations and potential underestimation of visitor numbers. Replicability is enhanced by combining modeling and empirical data. Accessibility is considered through the use of social media data to understand visitor preferences.;Not mentioned (the paper does not explicitly discuss bundles or trade-offs in the context of ecosystem services);The selection of variables was based on their association with natural coastal and estuarine ecosystems and their relevance to tourism in the study area. The selection process involved assessing correlation using Pearson correlation coefficient and Variance Inflation Factor (VIF) to address multicollinearity, with a significance level of p = .05 used for all analyses.;geolocated photos;"Pearson correlation;Variance Inflation Factor (VIF)";no;no;yes;yes;yes;yes;yes;no
170;Mapping and modeling the impact of climate change on recreational ecosystem services using machine learning and big data;10.1088/1748-9326/ac65a3;Daniel R Rondinel-Oviedo, Naomi Keena -, Anastasiya Shyrokaya, Gabriele Messori, Kyle Manley, Benis N Ego;The extraction of social media data is based on geolocated photographs from Flickr, using the InVEST recreation model to calculate photo-userdays (PUDs) as a proxy for recreational visitation. The process focuses on the number of unique users who took at least one photo in a grid cell, without analyzing the content of the photos or using text analysis.;The paper does address relational aspects by considering interactions between social, environmental, and climate variables that influence recreational ecosystem services. It examines how these factors interact to affect the suitability of areas for recreation, which implies an analysis of trade-offs and bundles of ecosystem services. The study aims to integrate socio-ecological systems into climate impacts research, indicating a relational approach.;"The paper uses geolocated photographs from Flickr as a proxy for recreational visitation. The InVEST recreation model calculates photo-userdays (PUDs) by counting unique users who have taken at least one photo in a grid cell. The method does not involve human tagging, AI image analysis, or text analysis; it relies solely on geolocation data.";multiple values;The paper discusses recreational ecosystem services as a form of cultural ecosystem service, highlighting their material and non-material benefits. It uses machine learning to model the impact of climate change on these services, indicating a relational analysis between climate variables and recreational ecosystem services. However, it does not provide specific relational values or metrics for these services.;The paper addresses transparency by including all data in the article or supplementary files. It validates the use of Flickr data as a proxy for recreational visitation, indicating transparency in methodology. The authors discuss uncertainties in assessing future impacts, which is an ethical consideration. They encourage future use of big data and machine learning, suggesting replicability and accessibility. However, explicit ethical considerations regarding social media data privacy or biases are not mentioned.;The paper analyzes interactions between services/bundles/trade-offs by assessing how climate change impacts recreational ecosystem services and identifying areas that are at risk, which involves understanding the interactions between different services and their management trade-offs.;The selection of variables was based on their importance as determined by the Gini coefficient in the random forest model. Variables with median importance values under 100 were excluded to minimize noise and overfitting. The final model included trail density, average maximum temperature, average wind speed, average precipitation, distance from major highways, the Koppen-Geiger climate classification, and distance from water bodies.;geolocated photos;Gini coefficient;yes;no;yes;yes;yes;yes;yes;no
542;Mapping multiple stakeholder-perceived cultural ecosystem services in coastal landscapes along the Maritime Silk Road;10.1080/01426397.2025.2501233;Weiwen You, Haiyun Xu, Mujie Ren, Jiaxuan Duan, Rouran Zhang, Thanasis Kizos, Orcid Weiwen;"- Mechanism: Geo-tagged social media photos from Rednote.
- Analysis: Deep learning-based image content analysis and natural language processing in Python.
- AI Usage: Yes, for image content analysis and machine learning (Random Forest algorithm).
- Human Tagging: Not mentioned.";The paper considers relational aspects by examining the interactions between different stakeholders' perceptions of CES, the contributions of various landscape features to CES intensity, and the integration of interests from multiple stakeholders. It addresses trade-offs by exploring the balance between conservation and development and potential conflicts between stakeholders.; ;instrumental;The paper mentions CES with relational values, particularly highlighting the importance of historic villages and cultural and creative parks in contributing to cultural heritage, education, artistic appreciation, and sense of place. These relational values are central to shaping human-environment relationships and fostering community-scale stewardship norms.; ;The paper analyzes interactions between services/bundles/trade-off by examining how different stakeholders perceive cultural ecosystem services and how these services interact with each other in terms of spatial distribution and contribution to overall landscape value.;The selection of variables is based on the feature importance calculated by the Random Forest model, informed by a POI framework derived from previous research and expert knowledge on cultural landscape features along the Maritime Silk Road.;"labelling by AI;labelling by humman";no;no;no;yes;yes;yes;yes;yes;no
215;MaxEnt modelling of the potential distribution areas of cultural ecosystem services using social media data and GIS;10.1007/s10668-020-00692-3;E Seda Arslan, Ömer K Örücü;The data extraction mechanism involves accessing Flickr using an API to obtain geographical coordinates and other relevant data. The photographs were categorized by the authors using the MEA (2005) ecosystem services classification, indicating human tagging and evaluation of the content.;The study considers relational aspects by examining overlapping outcomes for closely related CES, such as aesthetic and recreational values, and their relationship with natural and cultural assets. It uses GIS and MaxEnt to spatially model these interactions.;"The study uses geo-tagged photographs from Flickr, accessed via API, and manually evaluated by the authors for categorization according to CES. There is no mention of AI or image analysis; the process involves human evaluation and GIS integration.";multiple values (instrumental, relational); ;The paper addresses transparency through its methodology and data sources. It acknowledges ethical considerations by discussing potential biases and suggests ways to improve replicability. However, it does not provide detailed ethical considerations or replicability measures.;The paper analyzes interactions between services/bundles/trade-offs by identifying overlapping outcomes for closely related CES and their relationship with natural and cultural assets.;The selection of variables was based on geographical data from the Corine land use map and Open Street Map, with natural and cultural values selected for their relevance to the study area. The Jackknife method was used to evaluate the significance of each variable. The specific criteria for selection (e.g., expert judgment, correlation, VIF) are not explicitly mentioned.;labelling by humman;no;no;no;yes;no;yes;yes;no;no
191;Modelling cultural ecosystem services in agricultural dykelands and tidal wetlands to inform coastal infrastructure decisions: A social media data approach;10.1016/j.marpol.2023.105533;Qiqi Zhao, Yan Chen, Keshava Pallavi Gone, Emily Wells, Keahna Margeson, Kate Sherren;The extraction of data from social media involves text analysis of Instagram captions using the Bigram Language Model. Human assessment is used to associate bi-grams with specific CES categories. The SolVES model is then used to map these services. No image analysis or AI is mentioned for data extraction.;The paper considers relational aspects by highlighting the multifunctionality of both agricultural dykelands and tidal wetlands, where multiple services often overlap. It identifies specific services that are comparable or have higher supply capacities in each landscape, such as cultural heritage/diversity and social relations in dykelands, and sense of place and terroir in tidal wetlands. The paper also notes that aesthetics, inspiration and art, and recreation and tourism are comparable across both landscapes, suggesting a relational aspect where these services are interlinked.;The paper uses text analysis of Instagram captions to extract information about cultural ecosystem services. The process involves data preprocessing, using the Bigram Language Model for text analysis, and manual assessment to associate keywords with CES categories. Geographic coordinates are used for spatial mapping. No image analysis or AI is mentioned for extracting information from images.;multiple values (relational and intrinsic);"- Agricultural dykelands have a higher supply capacity for cultural heritage/diversity, education and knowledge systems, social relations and relational values.
- Tidal wetlands have a higher supply capacity for sense of place and terroir.
- Both landscapes are comparable in terms of aesthetics, inspiration and art, and recreation and tourism.
- Agricultural dykelands provide an average of 1.4 services per hectare, while tidal wetlands provide an average of 2.6 services per hectare.";The paper discusses limitations in social media data use, including privacy and policy changes affecting transparency and replicability. Biases due to demographic shifts and posting behaviors impact accessibility and ethical considerations. The authors declare no competing financial interests, addressing ethical considerations.;The paper analyzes interactions between services by comparing the delivery of cultural ecosystem services (CES) from agricultural dykelands and tidal wetlands. It identifies differences in service delivery capacities and highlights multifunctionality and overlap in service provision, indicating the presence of service bundles.;The selection of variables was based on their hypothesized association with cultural ecosystem services (CES) and included environmental and socioeconomic data such as Euclidean distance to roads, water bodies, vineyard, dykes, agricultural dykeland, tidal wetland, coast, population density, land use, landform, and elevation. The selection was informed by the capabilities and requirements of the SolVES model and processed using ArcGIS.;text analysis;no;yes;no;yes;yes;yes;yes;yes;no
168;POIs-based public preferences mapping on imbalanced supply-demand of recreation services can support sustainable coastal beach management;10.3389/fmars.2024.1288112;Tong Li, Zhiyuan Xiang, Yangfan Li, Agostino Tomasello, Mariangela Sciandra;The mechanism of data extraction from social media involves using Gooseeker to collect Weibo check-in data, focusing on the number of check-ins as a proxy for demand without analyzing the content of the check-ins.;The paper considers relational aspects by analyzing the balance or imbalance between the supply and demand of beach recreation services using quadrant analysis and coupling coordination degree. It identifies Weibo Check-ins and POIs Density as crucial determinants of balance and suggests a management strategy integrating factors like beach size and POIs, indicating a focus on interactions between different elements of CES.;The paper uses Weibo check-in data as a proxy for demand, collected using Gooseeker. It does not specify whether AI or human tagging is involved in the process, nor does it mention image or text analysis. The focus is on the number of check-ins as a proxy for demand.;instrumental;The paper discusses cultural ecosystem services (CES) in terms of recreation services on coastal beaches, focusing on supply-demand balance. CES are nonmaterial benefits from recreational activities. Supply is assessed through socioecological indicators, and demand is mapped using POIs density and Weibo check-in data. Infrastructure development is crucial for balancing supply and demand. Specific relational values are not explicitly mentioned in the text.;The paper addresses ethical considerations by declaring no commercial or financial conflicts of interest. It ensures transparency by stating that claims are solely those of the authors. Accessibility and replicability are enhanced by providing supplementary material online. However, it does not specifically address ethical considerations related to social media data use.;The paper analyzes interactions between services/bundles/trade-off by examining the balance between supply and demand of beach recreation services using quadrant analysis and coupling coordination degree. It identifies key components such as Weibo Check-ins and POIs Density as crucial determinants of this balance and discusses strategies for addressing imbalances, which involves considering trade-offs between different services or components.;The selection of variables is based on the Random Forest model, specifically using the %IncMSE metric to evaluate variable importance.;geolocated check-in;no;yes;no;yes;no;yes;yes;yes;no
444;Quantifying nature-based tourism in protected areas in developing countries by using social big data;10.1016/j.tourman.2018.12.005;;;;;;;;;;geolocated photos;no;no;no;yes;no;yes;yes;yes;no
62;Quantifying the visual-sensory landscape qualities that contribute to cultural ecosystem services using social media and LiDAR;10.1016/j.ecoser.2018.03.022;Derek B. Van Berkel, Payam Tabrizian, Monica A. Dorning, Lindsey Smart, Doug Newcomb, Megan Mehaffey, Anne Neale, Ross K. Meentemeyer;The paper uses georeferenced social media data, including photos and comments, for viewshed analysis. It evaluates photo-image content but does not specify if AI or human tagging is used for data extraction or analysis.;Yes, the paper considers relational aspects by focusing on how different landscape features interact to provide cultural ecosystem services, such as the importance of historical monuments and environmental features, and the evaluation of visual-sensory qualities. These interactions are implicit in the analysis of spatial and temporal determinants of perceived landscape values and the use of viewshed analysis.;The paper uses georeferenced social media data, including photos and comments, to evaluate visual-sensory qualities. It does not specify whether human tagging, AI, or specific image or text analysis techniques are used.;multiple values;The paper mentions CES with relational values such as rest, relaxation, inspiration, historical monuments, environmental features, and sensory experiences like sights, sounds, and smells.;The paper implies transparency and accessibility through the use of publicly available social media data. However, explicit ethical considerations and replicability are not mentioned.;The paper analyzes interactions between services/bundles/trade-off by examining how historical monuments, environmental features, and sensory qualities like sights, sounds, and smells contribute to the overall landscape value and cultural ecosystem services.;Not mentioned (the paper does not specify the criteria used for selecting variables);geolocated photos and text;no;yes*;no;yes;no;yes;yes;no;no
13;Quantifying wildlife watchers' preferences to investigate the overlap between recreational and conservation value of natural areas;10.1111/1365-2664.13274;Francesca Mancini, George M Coghill, David Lusseau, Yolanda Wiersma;The data extraction mechanism involves collecting metadata from Flickr photos, including user ID, date, geographic coordinates, and user tags. Human tagging is used to filter out irrelevant photos based on compiled keywords. The analysis relies on the quantity and location of photos to determine recreational value and popularity. No AI or image analysis is mentioned.;The paper considers relational aspects by discussing the overlap and trade-offs between recreational ecosystem services and conservation goals, highlighting the need for balance between access and conservation integrity.;The study uses human tagging from Flickr photos to extract data. It relies on user tags to filter out irrelevant photos and assumes that the number and spatial concentration of photos indicate recreational value. No AI or image analysis techniques are mentioned.;instrumental;The paper mentions cultural ecosystem services (CES) with relational values, specifically highlighting the role of recreation in supporting conservation efforts and generating income for protected areas. These relational values include the use of recreational ecosystem services to justify public spending on conservation and the role of tourism in generating income for protected areas.;The paper addresses transparency by using social media data as a reliable proxy for wildlife watching activities. It acknowledges limitations such as demographic biases and selective data sharing, indicating awareness of ethical considerations. The availability of scripts on Zenodo ensures replicability and accessibility. However, explicit ethical considerations regarding privacy or consent are not mentioned.;"The paper analyzes interactions between recreational and conservation services, highlighting a trade-off between these services. It does not explicitly mention ""bundles"" but discusses the interplay between different services, which aligns with the concept of analyzing interactions between services or trade-offs.";The selection of variables was based on a multi-step approach involving regression against aggregated variables, followed by a data mining approach using the MuMIn package to fit models with all possible combinations of explanatory variables. Model selection was based on AIC values, with averaging of coefficients across the best models (?AIC <5).;labelling by humman;Variance Inflation Factor (VIF);no;no;yes;yes;yes;yes;yes;no
188;Recreation and environmental quality of tropical wetlands: A social media based spatial analysis;10.1016/j.tourman.2018.10.018;Michael Sinclair, Andrea Ghermandi, Sheela A Moses, Sabu Joseph;"The data extraction mechanism involves using R scripts to interact with the Flickr API to extract metadata from geotagged photographs, focusing on photo-user-days (PUD) as a proxy for visitation. The analysis does not include human tagging or AI analysis of image content; it relies solely on metadata.";The paper considers relational aspects by exploring the impact of water quality improvement and wetland area restoration on visitation rates, indicating trade-offs between these environmental attributes and cultural services. It also discusses multiple uses of wetlands, suggesting consideration of bundles or trade-offs between different ecosystem services.;"The study uses geotagged photos from Flickr, extracting metadata such as user ID, photograph coordinates, and timestamps using R scripts. It does not involve human tagging or AI analysis of image content; instead, it focuses on photo-user-days (PUD) derived from metadata. Future research could potentially include automated image content analysis, but this was not part of the current study.";instrumental;"Not mentioned (the paper does not explicitly mention ""CES relacionales"" or provide specific relational values)";The paper addresses transparency by using publicly available social media data. It discusses limitations in understanding user demographics, affecting accessibility and replicability. Ethical considerations are raised about accessing user photograph content, highlighting privacy concerns. Despite limitations, the paper suggests potential for replicability and accessibility in research.;The paper analyzes interactions between services/bundles/trade-offs by exploring the impacts of water quality improvement and wetland area restoration on recreational visitation and economic returns, indicating a consideration of bundles or trade-offs between tourism, recreation, fisheries, aquaculture, and environmental protection.;The selection of variables is based on a forward mixed variable selection process, where variables are retained if their p-value is less than 0.05, indicating statistical significance as the criterion for selection.;geolocated photos;Forward mixed variable selection;no;no;yes;yes;yes;yes;yes;no
591;Recreational visits to urban parks and factors affecting park visits: Evidence from geotagged social media data;10.1016/j.landurbplan.2018.08.004;Sai Zhang, Weiqi Zhou;The data extraction mechanism involves using geotagged check-in data from Sina Weibo, facilitated by Weibo APIs. The process includes automated data collection using Python and manual filtering to ensure data accuracy. The analysis focuses on geotagged location data rather than content analysis.;No, the paper does not address relational aspects such as interactions between services, bundles, or trade-offs. It focuses on individual factors affecting park use.;The paper uses geotagged check-in data from Sina Weibo, collected through Weibo APIs and processed using Python. The data extraction method relies on automated retrieval of location information and manual filtering of non-park locations.;instrumental;"Not mentioned (the paper does not explicitly mention ""CES relacionales"" or provide specific relational values for CES)";The paper discusses transparency in data collection using Weibo APIs and notes accessibility issues with user representation. Ethical considerations include non-representative user demographics. Replicability is implied through use of public data, but not explicitly addressed.;The boundaries refer to the spatial limits of the parks as defined by Google Earth imagery, specifically within the 5th ring road of Beijing.;The selection of variables was based on expert criteria (previous studies) and correlation analysis. The authors also checked for multicollinearity using VIF.;geolocated sign-in;Variance Inflation Factor (VIF);no;no;yes;yes;yes;yes;yes;no
61;Revealing spatial and temporal patterns of outdoor recreation in the European Alps and their surroundings;10.1016/j.ecoser.2017.11.017;Uta Schirpke, Claude Meisch, Thomas Marsoner, Ulrike Tappeiner;"- Mechanism of data extraction: Metadata linked to photographs on Flickr.
- Use of human tagging: Visual content analysis for a subset of photographs.
- Use of AI or image analysis: Not mentioned.
- Use of text analysis: Not mentioned.
- Focus on metadata: Yes, including location, identification number, date taken, and photographer's identification number.";The paper primarily focuses on individual components of cultural ecosystem services (CES) such as recreation supply, demand, and flow. While it does not explicitly address bundles or trade-offs between different CES, it does consider relational aspects such as the interaction between supply, demand, and flow, and how these are influenced by landscape attributes and tourism infrastructure. The study also discusses management strategies that imply an understanding of trade-offs between recreational use and environmental conservation.;"- Mechanism: Metadata from Flickr's public API was used to retrieve geo-tagged photographs.
- Analysis: Visual content analysis was conducted on a subset of photographs to categorize them as recreational use.
- Limitations: Biases in social media use, reflecting touristic rather than everyday recreational activities.
- Future Directions: Suggested analysis of picture content and integration with surveys for deeper understanding.";multiple values (instrumental, relational, intrinsic);;The paper discusses ethical considerations related to social media data representativeness and biases. It acknowledges limitations and suggests integrating other platforms to reduce bias. Future research is recommended to analyze picture content and integrate with surveys for better understanding. Replicability and accessibility are not explicitly addressed.;The paper analyzes interactions between services and trade-offs in outdoor recreation by examining spatial and temporal patterns of supply, demand, and flow. It discusses the need for integrated management to balance these components and mitigate negative environmental impacts, which implies consideration of bundles or trade-offs between different aspects of outdoor recreation.;The selection of variables was based on their relevance to the study area, with a focus on reducing multicollinearity using ordinary least squares (OLS) regression and Variance Inflation Factor (VIF).;labelling by humman;"Variance Inflation Factor (VIF);ordinary least squares (OLS)";no;no;yes;yes;yes;no;no;no
546;Revealing youth-perceived cultural ecosystem services for high-density urban green space management: a deep learning spatial analysis of social media photographs from central Beijing;10.1007/s10980-025-02115-y;Haiyun Xu, Jiaxuan Duan, Mujie Ren, Guohan Zhao, Zhifeng Liu;The data extraction from social media involves collecting geo-tagged images from Little Red Book and using deep learning techniques with the Resnet model to classify these images into different CES categories. Human annotation is involved in labeling images for fine-tuning and validation. The process includes both automated and human-involvement in image recognition and classification.;The paper does consider relational aspects, such as interdependencies and synergies between UGSs and CESs, as well as bundles and trade-offs. It uses a random forest model to analyze these complex relationships and discusses how different landscape features contribute to various CESs.;"- Data source: Geo-tagged images from Little Red Book.
- Mechanism: Deep learning techniques for image classification.
- AI involvement: Yes, using Resnet model for image recognition.
- Analysis: Kernel density analysis for spatial clustering.
- Relationship analysis: Random forest model for landscape feature contributions.";multiple values;;The paper addresses ethical considerations by acknowledging limitations in social media data and suggesting improvements for transparency and replicability. It emphasizes accessibility through crowdsourced imagery and aims to improve urban planning inclusivity.;The paper analyzes interactions between services/bundles/trade-offs by examining how different urban green spaces (UGSs) contribute to various cultural ecosystem services (CESs) and how these services are bundled or traded off in terms of their contributions to CESs.;The selection of variables is based on the importance of landscape features in predicting cultural ecosystem services (CESs) using Mean Decrease Impurity (MDI) in a random forest analysis. The variables are categorized based on functional traits and contextual environment, addressing nonlinearity and spatial interdependencies.;"labelling by AI;labelling by humman";no;yes;yes;yes;yes;yes;yes;yes;no
11;Scale dependency in drivers of outdoor recreation in England;10.1002/pan3.10042;Laura J Graham |, Felix Eigenbrod, Laura J Graham, Helen Hoyle;The data extraction from social media involves using the Flickr API to access georeferenced metadata and filtering photographs based on keywords to identify relevant outdoor recreation activities. The process relies on text-based filtering rather than image analysis or AI techniques.;The paper does consider relational aspects by examining trade-offs and synergies between ecosystem services, particularly in the context of outdoor recreation. It analyzes interactions between supply and demand drivers at different scales and discusses trade-offs between agriculture and outdoor recreation. The study uses two proxies to measure different types of outdoor recreation, indicating a focus on relational aspects between these services.;The paper uses Flickr's API to access georeferenced metadata and filters photos using keywords related to outdoor recreation. The extraction process involves text-based filtering and keyword matching to identify relevant photos.;instrumental;"- Outdoor recreation is an ecosystem service (ES) that is culturally and economically important in England.
- The paper focuses on understanding the scale dependencies in the drivers of outdoor recreation.
- Destination recreation is closely related to ecological drivers, while day-to-day recreation is more related to social drivers.
- Trade-offs exist between agriculture and outdoor recreation.
- Land-cover diversity and protected area coverage are key drivers for destination recreation.
- Demand variables, particularly population density, increase in importance at coarser resolutions.
- The study uses Flickr photographs and MENE survey data as proxies for destination and day-to-day recreation, respectively.";The paper addresses transparency by making data and code available for replication. Ethical considerations include the declaration of no conflict of interest and discussions on biases in social media data. Accessibility is partially addressed through data availability. Replicability is supported by providing all necessary materials.;"The paper analyzes trade-offs and synergies between ecosystem services, particularly focusing on outdoor recreation in England. It does not explicitly mention ""bundles"" but discusses how different drivers at various scales affect these trade-offs and synergies.";The selection of variables was based on expert judgment, with demand variables including population density and distance to nearest major town/city, and supply variables including agricultural percentage, forest percentage, coastal percentage, land-cover diversity, elevation range, and protected area percentage.;"geolocated photos;text filtering";Expert knowledge;no;no;yes;no;yes;yes;yes;no
276;Seasonal influences on preferences for urban blue-green spaces: Integrating land surface temperature into the assessment of cultural ecosystem service value;10.1016/j.scs.2024.105237;Sitong Huang, Xiao Xiao, Tian Tian, Yue Che;The study used manual screening and grouping of photos from Meituan Dianping to extract data related to cultural ecosystem services. Photos were selected based on relevance and grouped by CES value types. GPS locators were used to determine photo coordinates. No AI or image analysis software was mentioned, and no text analysis was conducted due to limited access to personal information and detailed text data.;The paper considers relational aspects by discussing the influence of seasonal changes on CES provision, the spatial overlap and correlation between aesthetic and recreational values, and the synergy between these services. It also examines how different environmental variables contribute to CES values, indicating a consideration of bundles or trade-offs.;"The study used reviewed photos from Meituan Dianping, a social media platform, as data. The data collection involved screening out irrelevant photos and using GPS locators to determine photo coordinates. The study did not involve human tagging or AI analysis of photo content; it relied on photo presence and location to infer CES values.";multiple values (instrumental, relational);The paper mentions CESs with relational values by discussing their distribution across different parks and seasons, using the SolVES model to quantify and analyze these values, and referencing tables and figures that support this relational analysis.;The paper addresses ethical considerations by noting the privacy limitations of using social media data. It also discusses transparency and replicability by acknowledging data limitations and suggesting future improvements. Data accessibility is mentioned as data will be made available on request.;"The paper analyzes interrelated services (aesthetic and recreational values) and their spatial distribution across different seasons and parks, suggesting a bundle of services where these values are experienced together. However, it does not explicitly mention ""bundles"" or ""trade-offs.""";The selection of variables was based on available data from the park's official website, and Pearson correlation analysis was used to prevent multicollinearity. The Maxent model determined the contribution of each variable, which is a form of stepwise selection based on the model's performance.;geolocated photos;Pearson correlation;yes;no;no;yes;yes;yes;yes;no
146;Snapshots of Nature-Based Recreation Across Rural Landscapes: Insights from Geotagged Photographs in the Northeastern United States;10.1007/s00267-022-01728-2;Harrison Goldspiel, Brannon Barr, Joshua Badding, Diane Kuehn; ;The paper considers relational aspects by integrating multiple aspects of crowdsourced image data to understand human-environment interactions. It identifies tensions between accessibility and aesthetics for recreation, which can be seen as a trade-off between different CES. The study also considers multiple spatial scales, indicating an understanding of how CES interact across different areas.;The paper uses automated image analysis with Clarifai, which employs computer vision techniques like Deep Convolutional Neural Networks to tag images. The process involves AI-driven image analysis and is validated by comparing with human-generated captions.;instrumental;The paper mentions CES as essential public goods in rural areas, related to nature-based recreation and tourism. Eleven core themes were identified, with 70% of images depicting activities related to CES, including scenery, biota, and aquatic recreation.;The paper addresses transparency by noting all authors' contributions and approval. It discusses limitations and assumptions of social media data, highlighting concerns about replicability and accessibility due to changes in data ownership and storage policies. Cross-platform approaches are suggested for better accessibility and replicability.;The paper analyzes cultural ecosystem services (CES) as a bundle of services that include scenery, biota, and aquatic recreation, which are considered essential public goods in rural areas. It does not explicitly discuss trade-offs between different services or bundles.;The selection of variables was based on their ability to predict human engagement with nature using random forest models. The process also involved assessing potential collinearity among covariates using variance inflation factors (VIFs) and estimating variable importance using the Boruta algorithm.;labelling by AI;Variance Inflation Factor (VIF);no;no;yes;no;no;yes;yes;no
250;Social media and deep learning capture the aesthetic quality of the landscape;10.1038/s41598-021-99282-0;Ilan Havinga, Diego Marcos, Patrick W Bogaart, Lars Hein, Devis Tuia;"- Data source: Flickr
- Mechanism: Downloading image metadata using Flickr's API
- Analysis: Deep learning models (Places365-ResNet-50 and SoN ResNet) for image analysis
- Variables extracted: Scene classes, image attributes, scenic rating distribution";The paper aborda aspectos relacionales by considering individual spatial interactions and cultural contributions, which are inherently relational. However, it does not explicitly mention bundles or trade-offs between different ecosystem services.;"- The paper uses social media (Flickr) as a source of data.
- Deep learning models (Places365-ResNet-50 and SoN ResNet) are used to analyze the imagery.
- The models generate scene classes and SUN image attribute scores, indicating image analysis.
- The SoN ResNet model predicts scenicness in Flickr images, using human-rated scenicness scores for training.
- The content of the images is analyzed, not just the location data.";instrumental;"Not mentioned (the paper does not explicitly mention ""CES relacionales"" or provide relational values for CES)";The study followed EU GDPR for data protection and privacy, made data and code publicly available, and declared no competing interests, ensuring transparency, replicability, accessibility, and ethical considerations.;Not mentioned (the paper does not explicitly discuss bundles or trade-offs in the context of ecosystem services);"- Threshold analysis: Removed ecosystem variables that could be calculated for less than 100km² or 0.04% of Great Britain.
- Correlation-based criterion: Removed variables with a correlation coefficient (r) ? 0.7 to reduce multicollinearity.";labelling by AI;"Pearson correlation;Variance Inflation Factor (VIF)";no;no;yes;yes;yes;yes;yes;no
9;Social media and deep learning reveal specific cultural preferences for biodiversity;10.1002/pan3.10466;Ilan Havinga, | Diego Marcos, | Patrick Bogaart, Dario Massimino, Lars Hein, | Devis, Tuia, Devis Tuia, Rachelle Gould, Patrick Bogaart;The data extraction mechanism involves using a deep learning model (ResNet-18) to analyze images from Flickr and iNaturalist to identify human-species interactions. The model is trained on a large dataset of images from both platforms and uses machine learning techniques to refine its predictions.;The paper does consider relational aspects by discussing the complexity of socioecological relationships, the integration of culture and biodiversity, and the use of social media and deep learning to capture cultural preferences. It highlights the need for various methods to measure CES and the spatial representation of CES at multiple scales, indicating a focus on interactions between services.;The paper uses deep learning models to analyze images from social media platforms like Flickr, employing a ResNet-18 model to identify human-species interactions. The process involves training the model to distinguish between human-species interactions and generic interactions, using entropy calculations to assess prediction confidence. Additionally, text data associated with images is used to understand motivations behind interactions. The approach relies on AI and machine learning for data extraction.;multiple values;"Not mentioned (the paper does not explicitly mention ""CES relacionales"" or relational values in the context of CES)";"- Ethical considerations: Ethical approval was not required for this study.
- Transparency: The code and data are available at https://doi.org/10.5281/zenodo.7675393.
- Accessibility: Data and code are accessible through the provided DOI link.
- Replicability: Data and code availability supports replicability.
- Conflicts of interest: Authors declare no conflicting interests.";Not mentioned (the paper does not explicitly discuss bundles or trade-offs in the context of CES);"- Selection of variables: Compilation of a large dataset of images from iNaturalist and Flickr.
- Criteria for selection: Random sampling from a 25 km resolution grid over Europe to ensure balanced representation.
- Model architecture: ResNet-18 with additional layers, trained using PyTorch.
- Training process: Initial learning rates set, Adam optimization algorithm used with cross-entropy loss.
- Selection of ? dilution coefficient: Based on entropy calculations and visual inspection of predictions.";"labelling by AI;labelling by humman";no;yes;yes;yes;no;yes;yes ;yes;no
54;Spatial analysis of cultural ecosystem services using data from social media: A guide to model selection for research and practice;10.3897/oneeco.8.e95685;Andrew M. Neill, Cathal O'Donoghue, Jane C. Stout;The data extraction mechanism involved using the Flickr API and the R package photosearcher to collect photo-user-days (PUD) data from Flickr. The study focused on the location of the photographer based on GPS coordinates without analyzing the content of the photographs. No human tagging or AI analysis of image content was performed.;The paper considers relational aspects by examining how different types of capital (natural, human, built) interact to influence cultural ecosystem services. It also detects local relationships using geographic weighted regression, indicating spatially varying interactions between environmental characteristics and visitation. The study does not explicitly mention bundles or trade-offs but focuses on the relational nature of cultural ecosystem services through spatial analysis.;The extraction of information from social media in this study is based on automated data collection using the Flickr API and the R package photosearcher. The process involves collecting GPS-tagged photo data without analyzing the content of the photos or using human tagging. The focus is on quantifying visitation patterns through photo-user-days (PUD) as a proxy for cultural ecosystem services.;multiple values;;The paper addresses transparency by encouraging detailed justification of model and variable selection. It acknowledges caveats in social media data use but does not screen or filter content extensively. Replicability is enhanced by providing a guide for future research. Accessibility is not explicitly addressed in terms of data or model access. Ethical considerations are implied through transparency and acknowledgment of data limitations.;"The paper analyzes interactions between different types of capital (natural, human, built) that influence visitation and cultural ecosystem service flows, which can be interpreted as bundles of services. However, it does not explicitly use the terms ""bundles"" or ""trade-offs.""";"- Exclusion of variables with high VIF (>5) due to collinearity concerns
- Stepwise model selection to minimize AIC
- Selection based on hypothesis for the phenomenon of interest
- Use of VIF to check for multicollinearity
- Model-specific selection based on research question and statistical support";geolocated photos;"Akaike Information Criterion (AIC);Variance Inflation Factor (VIF)";no*;no;yes;no;no;no;no;no
249;Spatial and Temporal Dynamics and Value of Nature-Based Recreation, Estimated via Social Media;;Laura J Sonter, Keri B Watson, Spencer A Wood, Taylor H Ricketts;"The data extraction mechanism involves using geotagged photographs from Flickr to quantify visits. The process includes counting the number of individual users per day who uploaded at least one photograph within each parcel of conserved land, referred to as ""photo user days"" (PUD). User profile data is used to determine whether users are in-state or out-of-state visitors based on their stated home locations.";The paper does consider relational aspects by discussing interactions between landscape attributes and how changes in one attribute affect others over time. It highlights the importance of understanding both spatial and temporal dynamics and notes that spatial relationships cannot always predict temporal changes, indicating trade-offs and bundles of services.;The extraction of information from social media in this study involves using geotagged photographs from Flickr to quantify visits. The method focuses on counting individual users per day and uses home locations from user profiles to differentiate between in-state and out-of-state visitors. No human tagging, AI, image analysis, or text analysis is mentioned.;multiple values (instrumental, relational);"The paper does not explicitly mention ""CES relacionales"" or provide a direct relational value for ecosystem services. However, it does quantify the economic contribution of nature-based recreation, which is a type of ecosystem service, as contributing US $1.8 billion to Vermont's tourism industry between 2007 and 2014.";The paper addresses transparency and accessibility by mentioning the use of social media data and its availability from Dryad. It implies replicability by providing access to data. Ethical considerations are not explicitly discussed, but the focus on informed conservation decisions suggests an indirect ethical consideration.;The paper analyzes interactions between services by identifying landscape attributes that influence visitation rates and economic contributions, suggesting a bundle of services. It also implies trade-offs by comparing the economic value of nature-based recreation to other industries.;The selection of variables was based on expert knowledge and literature review, considering their importance in other studies and relevance to recreational preferences in Vermont. Stepwise model simplification was used to refine the selection and ensure the most relevant attributes were included in the final model.;geolocated photos;Pearson correlation;no;no;yes;yes;yes;yes;yes;no
547;Spatial patterns and interactions among multiple cultural ecosystem services across urban greenspaces;10.1016/j.ecoser.2025.101740;Haojie Cao, Nataly G Miguez, Brittany M Mason, Corey T Callaghan, Jiangxiao Qiu;"- Data extraction mechanism: Browser automation tool named 'Selenium' supported by Python.
- Data sources: TripAdvisor and Google Maps.
- Analysis method: Named-entity recognition (NER) models and BERT-based transformer model for text analysis.
- No human tagging or image analysis mentioned; relies on machine learning models.";The paper does consider relational aspects, interacciones entre servicios ecosistémicos culturales, bundles, and trade-offs. It identifies six key CES bundles and notes more occurrences of synergies than tradeoffs, indicating a focus on understanding how these services interact and co-occur.;The study uses a browser automation tool named 'Selenium' supported by Python to extract reviews from TripAdvisor and Google Maps. It then employs named-entity recognition (NER) models and a BERT-based NER model to classify the extracted textual content into different CES types, using machine learning techniques for text-based analysis.;multiple values;"- Aesthetic value: Artistic representations of nature.
- Bequest value: Willingness to preserve plants, animals, ecosystems, and land-/seascapes for future generations.
- Educational value: Subject matter of educational value.
- Entertainment value: Benefits from outdoor recreational activities.
- Existence value: Enjoyment and philosophical perspective from knowing about wild species or landscapes.
- Experiential use: Experiential use of plants, animals, and landscapes.
- Heritage value: Historic records of a place; cultural heritage preserved.
- Physical use: Physical use of land-/seascapes.
- Religious value: Holy or spiritual places important to spiritual or ritual identity.
- Scientific value: Subject matter for scientific research.
- Symbolic value: Emblematic plants and animals; national symbols.";The paper addresses ethical considerations by adhering to platform guidelines, using fair use principles, and protecting user privacy through anonymization and aggregation protocols.;The paper identifies six key CES bundles, which are groups of cultural ecosystem services that tend to co-occur or interact in specific ways. These bundles were identified using cluster analysis and represent distinct patterns of CES supply, with more synergies than tradeoffs among the services.;The selection of variables was based on their relevance to the study's objectives, including natural landscape cover, biodiversity proxies, and urban human utility metrics. The authors used pairwise Pearson correlation analyses to check for multicollinearity and applied a geographical random forest model to identify key predictors based on their importance scores.;"labelling by AI;labelling by humman";no;yes;yes;yes;yes;yes;yes;yes;yes
180;The Geographic Spread and Preferences of Tourists Revealed by User-Generated Information on Jeju Island, South Korea;10.3390/land8050073;David M Fisher, Spencer A Wood, Young-Hee Roh, Choong-Ki Kim;The data extraction mechanism involves using geotagged images from Flickr and geotagged tweets from Twitter, focusing on their location data rather than content analysis. The Recreation module of the InVEST software suite is used to process this data. Mobile phone traffic data from SKT is also used, which is aggregated and purchased for spatial and temporal analysis.;The paper primarily focuses on individual cultural ecosystem services rather than relational aspects. While it mentions the need for information on trade-offs with other ecosystem services, it does not explicitly address bundles or trade-offs between different cultural ecosystem services in a relational manner.;The extraction of information from social media involves using geotagged images from Flickr and geotagged tweets from Twitter. The focus is on the spatial data associated with these posts, without any mention of human tagging, AI analysis, or content analysis of the images or tweets themselves.;multiple values (instrumental, relational);Not mentioned (the paper discusses cultural ecosystem services but does not provide relational values);The paper discusses ethical considerations related to UGC, including representation issues, lack of quality controls, and potential deception. It also notes under-reporting and sampling biases. Transparency and accessibility are not explicitly addressed, but the paper suggests further research is needed to address biases in UGC.;The paper analyzes interactions between services/bundles/trade-offs by discussing the trade-offs between nature-based tourism and other ecosystem services, and the need for reconciling disconnects in planning efforts and data on cultural ecosystem services.;The selection of variables was based on hypothesized relevance to spatial variation in tourism, including natural features, land-cover and land-use types, accessibility, and amenities for tourists. The exact criteria for selection (e.g., expert opinion, correlation, VIF, stepwise) are not explicitly mentioned in the paper.;geolocated photos and text;no;no;no;yes;yes;no;no;no;no
2;The use of crowdsourced geographic information for spatial evaluation of cultural ecosystem services in the agricultural landscape the case of Chianti Classico (Italy);10.30682/nm1902g;Veronica Alampi Sottini, Elena Barbierato, Iacopo Bernetti, Irene Capecchi, Sara Fabbrizzi, Silvio Menghini;"- Mechanism: Using Flickr's API to download coordinates of photo shooting points.
- Filtering: Photos are filtered by tags (""wine"", ""vineyard"", ""Chianti"") and by removing repeated photos from the same location.
- Analysis: Focus on location data, not image content analysis.";The study considers relational aspects by integrating multiple data types and examining interactions between infrastructure, crops, environmental factors, and visitor distribution. It uses Feature Contribution graphs to evaluate interactions between environmental variables and applies Random Forest regression to estimate relationships between CES demand and landscape characteristics.;"- The paper uses geo-tagged photographs from Flickr as a data source.
- Data extraction is automated using Flickr's API to download photo coordinates.
- Photos are filtered based on tags like ""wine,"" ""vineyard,"" and ""Chianti.""
- Filters are applied to avoid repeated photos from the same location by the same photographer.
- No AI or image analysis is mentioned; the focus is on metadata and spatial distribution.";multiple values (instrumental, relational, intrinsic);;The paper implies transparency, replicability, and accessibility through its methodology. Ethical considerations are inferred in the use of data for public benefit, but not explicitly addressed.;The paper analyzes interactions between services by examining how different landscape features contribute to the value of cultural ecosystem services (CESs), which can be interpreted as identifying bundles or trade-offs between these services.;The selection of variables was based on their importance in explaining the cumulative viewshed variable using a non-parametric multivariate approach and RandomForest modelling.;"geolocated photos;tags filtering";no;no;no;yes;no;yes;yes;no;no
137;Understanding different cultural ecosystem services: An exploration of rural landscape preferences based on geographic and social media data;10.1016/j.jenvman.2022.115487;Yongjun Li, Lei Xie, Ling Zhang, Lingyan Huang, Yue Lin, Yue Su, Shahtahmassebi Amirreza, Shan He, Congmou Zhu, Sinan Li, Muye Gan, Lu Huang, Ke Wang, Jing Zhang, Xinming Chen, Methodology Yue Lin; ;The paper does consider relational aspects by examining how different cultural ecosystem services (CESs) are influenced by various landscape characteristics and how these services interact with each other. It identifies specific indicators that affect multiple CESs, suggesting an analysis of bundles or trade-offs between services.;The paper uses text analysis techniques such as word segmentation and keyword extraction based on TF-IDF to analyze comments from Ctrip. It employs natural language processing (NLP) using the Jieba tool and statistical methods like z-score normalization to classify scenic spots based on word frequency. The study focuses on text data to understand public perceptions and preferences.;instrumental;"- Physical CESs: Recreation; influenced by infrastructure convenience.
- Experiential CESs: Aesthetics; influenced by natural landscape characteristics.
- Intellectual CESs: Scientific and educational, cultural heritage and identity; influenced by both infrastructure and nature.
- Inspirational CESs: Spiritual and religious, inspiration; influenced by sensory evaluation indicators, natural landscape, and infrastructure.";The paper addresses ethical considerations by declaring no competing financial interests. It discusses privacy limitations in social media data, ensuring transparency and accessibility. The method is generalizable, indicating replicability.;"Not mentioned (the paper does not explicitly discuss ""bundles"" or ""trade-offs"" in the context of CESs)";The selection of variables was based on a literature review and expert criteria, with variables categorized into natural elements, infrastructural elements, and sensory elements. The random forest regression model was used to estimate the importance of these variables.;text analysis;Expert knowledge;no;no;yes;no;yes;no;yes;no
201;Understanding the dynamic changes in wetland cultural ecosystem services: Integrating annual social media data into the SolVES;10.1016/j.apgeog.2023.102994;Sitong Huang, Tian Tian, Lingge Zhai, Lingzhi Deng, Yue Che;"- Data source: Meituan Dianping social media platform
- Data types: Photos and comments from visitors
- Data extraction process: Querying platform for comments and photos, filtering out close-up photos, using GPS locators to determine photo coordinates
- Data analysis: Classification of photos based on CES descriptions, spatial analysis using SolVES model
- No mention of AI or human tagging for data extraction";No, the paper does not address relational aspects or interactions between cultural ecosystem services. It focuses on individual service types and their spatial distribution and inter-annual variation.;"- Data source: Meituan Dianping social media platform
- Data types: Photos and comments from visitors
- Data processing: Filtering out close-up photos, geolocation using GPS
- Content analysis: Classification of photos based on CES descriptions
- Scoring system: Quantitative scoring based on reviews";multiple values;"- Aesthetic value: I cherish this aspect because I love to see the landscape, hear the sounds of nature, and smell the fragrance of nature.
- Historic value: I cherish this aspect because it is a historic heritage of both nature and people that is important to me, to other people, and to my nation.
- Recreational value: I cherish this aspect because it offers a variety of places and opportunities for outdoor recreation.";The paper discusses ethical considerations related to labelling bias in social media data and the need for more robust methods to enhance precision. It also addresses transparency and replicability by noting the issue of increasing unique users on social media platforms.;"The paper does not explicitly mention ""bundles"" or ""trade-offs"" but implies interactions between different cultural ecosystem services (CESs) such as aesthetic, historic, and recreational values through their spatial distribution and inter-annual variations.";Not mentioned (the paper does not specify a criterion for selecting predictor variables);geolocated photos;no;no;no;yes;yes;yes;yes;yes;no
355;Using crowdsourced spatial data from Flickr vs. PPGIS for understanding nature's contribution to people in Southern Norway;10.1002/pan3.10083;Lorena Muñoz, | Vera, Helene Hausner, Claire Runge, Greg Brown, Remi Daigle, Laura Graham;"- Mechanism of data extraction: Manual examination and coding of Flickr images by experts.
- Use of metadata: Geotags, user IDs, country of origin, text-based tags.
- Analysis method: Human judgment using the CICES V4.3 framework to categorize values.";The paper does not explicitly address relational aspects, interactions between cultural ecosystem services, bundles, or trade-offs. It focuses on comparing the suitability of Flickr and PPGIS for capturing different types of values and user group differences.;The paper uses human coding and manual examination of Flickr images to extract information. It involves retrieving metadata such as user-specified and automated tags, but does not use AI or automated image analysis. The content analysis is conducted manually by experts using a structured framework.;multiple values;;The study addresses ethical considerations by obtaining approval from the Data Protection Official and using informed consent. Data is publicly available, enhancing accessibility and replicability.;Not mentioned (the paper does not explicitly discuss bundles or trade-offs in the context of ecosystem services);The selection of variables was based on previous research and expert knowledge, with a focus on environmental and infrastructure characteristics related to nature tourism. The authors tested for correlation between covariates and used permutation importance in MaxEnt models to evaluate their contribution.;labelling by humman;Correlation analysis;no;yes;yes;yes;yes;yes;yes;no
60;Using image recognition to automate assessment of cultural ecosystem services from social media photographs;10.1016/j.ecoser.2017.09.004;Daniel R Richards, Bige Tunçer;The data extraction mechanism involves using Google Cloud Vision, an online machine learning algorithm, to analyze the content of social media photographs. The process includes assigning keywords to images and using hierarchical clustering to group them based on these keywords. This approach allows for automated content analysis without relying on human tagging or textual analysis.;No, the paper does not address relational aspects or interactions between cultural ecosystem services. It focuses on an isolated approach to studying these services through image recognition and content analysis.;The study uses artificial intelligence, specifically the Google Cloud Vision API, for image recognition to analyze and classify the content of social media photographs. Hierarchical clustering is used to group images based on keywords assigned by the AI. There is no mention of text analysis or human tagging beyond manual validation.;relational;Not mentioned (the paper does not explicitly mention relational values of CES);The paper discusses limitations and biases in social media data, cost-effectiveness of automated image classification, and the need for supplementary qualitative analyses. It implies ethical considerations and replicability through discussions of data limitations and uncertainty in content interpretation.;The paper analyzes interactions between services or bundles by integrating ecosystem services into environmental decision-making, quantifying cultural ecosystem services, and using automated image classification to inform urban planning. It considers tradeoffs among different objectives and captures complex values to inform land use planning.;The selection of variables was based on their relevance to the context of nature photography and ecosystem services, including distance from major outdoor attractions, presence of parks and nature reserves, proportional coverage of forest, and proportional coverage of managed vegetation.;labelling by AI;no;no;no;yes;yes;yes;yes;yes;no
524;Using social media and citizen science to assess cultural ecosystem services along riverine landscapes;10.1002/aqc.4233;;;;;;;;;;labelling by humman;no;yes;yes;yes;yes;yes;yes;yes;no
22;Using social media data and machine learning to map recreational ecosystem services;10.1016/j.ecolind.2023.110606;Charity Nyelele, Catherine Keske, Min Gon Chung, Han Guo, Benis N Egoh;The extraction of data from social media in this study involves automated image content analysis using Google Cloud Vision, a machine learning algorithm. This AI-based approach assigns labels to photographs, which are then manually categorized into specific categories related to nature experiences and recreational activities. Human tagging is also involved in the process, as indicated by the use of Cohen's Kappa to assess agreement between manual and automated labels.;The paper primarily focuses on recreational ecosystem services and does not explicitly address relational aspects or interactions between different cultural ecosystem services. It does suggest that the methods can be applied to other services, but does not explore these interactions within the study.;"- Mechanism: Automated image content analysis using Google Cloud Vision, a machine learning algorithm.
- Data source: Flickr photographs.
- Analysis: Image analysis to identify objects and concepts.
- Labeling: Automated labeling by Google Cloud Vision, followed by manual categorization.
- Reliability: High agreement between manual and automated labeling.";instrumental;;The paper addresses transparency by using publicly available data and methods. Replicability is considered by using machine learning techniques that can be applied to other areas. Accessibility is implied by the use of publicly available data. Ethical considerations are addressed by declaring no competing financial interests or personal relationships.;Not mentioned (the paper does not explicitly analyze interactions between services or bundles);The selection of variables was based on a combination of expert criteria from literature review and statistical criteria such as correlation and multicollinearity diagnostics using the 'olsrr' package in R. Highly correlated variables were removed to avoid multicollinearity, and the final selection was influenced by their predictive power in the model.;"labelling by AI;labelling by humman";"Expert knowledge;Variance Inflation Factor (VIF)";yes;no;yes;no;yes;yes;yes;no
477;What are the factors influencing recreational visits to national forest parks in China? Experiments using crowdsourced geospatial data;10.1016/j.ufug.2022.127570;;;;;;;;;;geolocated photos and text;"Pearson correlation;Variance Inflation Factor (VIF)";no;no;yes;no;yes;yes;yes;no
612;Seasonal variation of cultural ecosystem services in urban blue-green spaces based on the SoLVES model and social media data;10.1016/j.ecolind.2025.114393;"Li, J; Yang, ZF; Guo, JK; Zhou, J; Wang, J; He, K";;;;;;;;;labelling by humman;;no;no;yes;no;yes;no;no;no
616;Spatial assessment of tourists' demand for cultural ecosystem services in the Kalajun World Natural Heritage Site, China;10.1016/j.jort.2025.100972;"Shang, N; Cao, KJ";;;;;;;;;labelling by humman;;yes;no;yes;no;yes;no;no;no
619;Modelling cultural ecosystem services of river landscapes in the Iberian Peninsula with deep learning and social media images;10.1016/j.jenvman.2025.127667;"Comalada, F; Acuna, V; Garcia, X";;;;;;;;;"labelling by AI;labelling by humman";;yes;no;yes;yes;yes;yes;yes;no
